State,County,Year,Days with AQI,Good Days,Moderate Days,Unhealthy for Sensitive Groups Days,Unhealthy Days,Very Unhealthy Days,Hazardous Days,Max AQI,90th Percentile AQI,Median AQI,Days CO,Days NO2,Days Ozone,Days PM2.5,Days PM10,County_Formatted,latitude,longitude
Alabama,Baldwin,2024,210,181,29,0,0,0,0,84,53,39,0,0,98,112,0,"Baldwin County, AL",30.7725,-87.7842
Alabama,Clay,2024,212,176,36,0,0,0,0,75,53,29,0,0,0,212,0,"Clay County, AL",33.2947,-85.8155
Alabama,DeKalb,2024,244,182,62,0,0,0,0,87,58,44,0,0,170,74,0,"DeKalb County, AL",34.5306,-85.7226
Alabama,Elmore,2024,144,142,2,0,0,0,0,58,47,37,0,0,144,0,0,"Elmore County, AL",32.5877,-86.1519
Alabama,Etowah,2024,212,125,87,0,0,0,0,93,61,47,0,0,57,155,0,"Etowah County, AL",34.0211,-86.0433
Alabama,Jefferson,2024,22,16,6,0,0,0,0,88,67,40,0,0,0,22,0,"Jefferson County, AL",33.5455,-86.8602
Alabama,Lawrence,2024,17,14,3,0,0,0,0,72,57,19,0,0,0,17,0,"Lawrence County, AL",34.5516,-87.3181
Alabama,Madison,2024,181,124,57,0,0,0,0,89,58,44,0,0,76,105,0,"Madison County, AL",34.7333,-86.5722
Alabama,Mobile,2024,212,135,77,0,0,0,0,80,58,46,0,0,59,152,1,"Mobile County, AL",30.7466,-88.2172
Alabama,Montgomery,2024,205,138,67,0,0,0,0,75,57,44,0,0,67,137,1,"Montgomery County, AL",32.2329,-86.2039
Alabama,Morgan,2024,213,144,69,0,0,0,0,79,59,45,0,0,72,141,0,"Morgan County, AL",34.4947,-86.834
Alabama,Russell,2024,168,137,31,0,0,0,0,98,55,42,0,0,117,51,0,"Russell County, AL",32.2863,-85.1791
Alabama,Shelby,2024,153,141,12,0,0,0,0,97,48,39,0,0,153,0,0,"Shelby County, AL",33.2829,-86.6796
Alabama,Sumter,2024,213,185,28,0,0,0,0,72,52,35,0,0,86,127,0,"Sumter County, AL",32.6525,-88.2171
Alabama,Tuscaloosa,2024,212,185,25,2,0,0,0,125,53,36,0,0,108,104,0,"Tuscaloosa County, AL",33.3076,-87.5001
Alaska,Aleutians East ,2024,20,19,1,0,0,0,0,53,46,19,0,0,0,20,0,"Aleutians East  County, AK",,
Alaska,Anchorage ,2024,183,145,38,0,0,0,0,80,58,24,6,0,0,98,79,"Anchorage  County, AK",,
Alaska,Denali ,2024,243,240,3,0,0,0,0,58,44,36,0,0,243,0,0,"Denali  County, AK",,
Alaska,Fairbanks North Star ,2024,183,97,68,11,5,1,1,325,99,48,1,0,65,116,1,"Fairbanks North Star  County, AK",,
Alaska,Juneau ,2024,175,150,25,0,0,0,0,73,54,24,0,0,0,175,0,"Juneau  County, AK",,
Alaska,Kenai Peninsula ,2024,20,20,0,0,0,0,0,16,14,7,0,0,0,20,0,"Kenai Peninsula  County, AK",,
Alaska,Matanuska-Susitna ,2024,177,159,18,0,0,0,0,74,51,16,0,0,0,154,23,"Matanuska-Susitna  County, AK",,
Alaska,North Slope ,2024,20,20,0,0,0,0,0,32,22,8,0,0,0,20,0,"North Slope  County, AK",,
Arizona,Apache,2024,270,270,0,0,0,0,0,49,26,12,0,0,0,19,251,"Apache County, AZ",35.3025,-109.4451
Arizona,Cochise,2024,274,163,98,11,1,0,1,307,80,49,0,0,231,0,43,"Cochise County, AZ",31.8901,-109.7497
Arizona,Coconino,2024,273,172,96,5,0,0,0,136,77,47,0,0,273,0,0,"Coconino County, AZ",35.6465,-112.0424
Arizona,Gila,2024,274,123,122,27,2,0,0,159,101,54,0,0,259,0,15,"Gila County, AZ",33.7446,-110.685
Arizona,La Paz,2024,271,142,125,4,0,0,0,105,77,50,0,0,267,4,0,"La Paz County, AZ",33.6724,-113.9329
Arizona,Maricopa,2024,275,47,194,30,3,1,0,261,107,70,1,1,197,61,15,"Maricopa County, AZ",33.2798,-112.7681
Arizona,Mohave,2024,268,264,4,0,0,0,0,69,30,19,0,0,0,0,268,"Mohave County, AZ",35.6177,-113.9958
Arizona,Navajo,2024,274,274,0,0,0,0,0,45,19,11,0,0,0,6,268,"Navajo County, AZ",35.3134,-110.2972
Arizona,Pima,2024,275,105,159,9,2,0,0,171,90,58,1,0,201,43,30,"Pima County, AZ",31.9681,-111.7806
Arizona,Pinal,2024,260,81,147,30,1,1,0,289,108,64,0,0,182,34,44,"Pinal County, AZ",32.9849,-111.4931
Arizona,Santa Cruz,2024,270,203,64,2,0,0,1,494,63,38,0,0,0,216,54,"Santa Cruz County, AZ",31.5332,-110.812
Arizona,Yavapai,2024,273,145,126,2,0,0,0,115,84,50,0,0,273,0,0,"Yavapai County, AZ",34.7064,-112.4429
Arizona,Yuma,2024,274,169,103,2,0,0,0,102,74,46,0,0,177,47,50,"Yuma County, AZ",32.7539,-113.9364
Arkansas,Arkansas,2024,91,54,37,0,0,0,0,98,59,46,0,0,0,91,0,"Arkansas County, AR",34.2533,-91.3876
Arkansas,Ashley,2024,92,57,35,0,0,0,0,96,60,43,0,0,0,92,0,"Ashley County, AR",33.2027,-91.7957
Arkansas,Clark,2024,238,223,15,0,0,0,0,67,48,36,0,0,238,0,0,"Clark County, AR",34.056,-93.1614
Arkansas,Crittenden,2024,274,218,51,5,0,0,0,133,59,42,0,1,225,48,0,"Crittenden County, AR",35.1383,-90.2329
Arkansas,Garland,2024,77,40,37,0,0,0,0,97,62,50,0,0,0,77,0,"Garland County, AR",34.5809,-93.1061
Arkansas,Jackson,2024,89,64,25,0,0,0,0,95,58,39,0,0,0,89,0,"Jackson County, AR",35.6224,-91.2038
Arkansas,Newton,2024,274,262,12,0,0,0,0,79,48,39,0,0,269,5,0,"Newton County, AR",35.9251,-93.2148
Arkansas,Polk,2024,232,180,51,0,1,0,0,167,57,41,0,0,161,71,0,"Polk County, AR",34.4578,-94.1985
Arkansas,Pulaski,2024,275,104,167,3,0,1,0,205,74,53,1,0,56,218,0,"Pulaski County, AR",34.7548,-92.3139
Arkansas,Union,2024,92,47,45,0,0,0,0,93,63,49,0,0,0,92,0,"Union County, AR",33.1979,-92.5813
Arkansas,Washington,2024,274,226,47,1,0,0,0,101,54,43,0,0,219,55,0,"Washington County, AR",35.9952,-94.2401
California,Alameda,2024,61,52,9,0,0,0,0,63,55,39,1,2,18,40,0,"Alameda County, CA",37.6798,-121.8648
California,Amador,2024,179,152,27,0,0,0,0,100,61,39,0,0,179,0,0,"Amador County, CA",38.4637,-120.7334
California,Butte,2024,193,145,48,0,0,0,0,93,61,42,1,0,145,46,1,"Butte County, CA",39.7252,-121.5788
California,Calaveras,2024,151,121,29,1,0,0,0,101,64,41,0,0,121,30,0,"Calaveras County, CA",38.1718,-120.6567
California,Colusa,2024,274,36,238,0,0,0,0,75,62,55,0,0,16,258,0,"Colusa County, CA",39.1694,-122.2067
California,Contra Costa,2024,61,42,19,0,0,0,0,67,58,42,1,0,13,47,0,"Contra Costa County, CA",37.8886,-121.9129
California,Del Norte,2024,129,108,21,0,0,0,0,66,53,34,0,0,0,129,0,"Del Norte County, CA",41.6916,-123.9049
California,El Dorado,2024,182,141,36,5,0,0,0,115,67,41,0,0,178,1,3,"El Dorado County, CA",38.7852,-120.5254
California,Fresno,2024,244,73,131,33,7,0,0,169,115,61,0,0,162,80,2,"Fresno County, CA",36.7515,-119.6373
California,Glenn,2024,152,138,14,0,0,0,0,61,50,38,0,0,112,38,2,"Glenn County, CA",39.5921,-122.4405
California,Humboldt,2024,305,269,36,0,0,0,0,86,52,35,0,0,110,188,7,"Humboldt County, CA",40.7376,-123.8951
California,Imperial,2024,192,65,107,20,0,0,0,136,101,56,0,1,113,53,25,"Imperial County, CA",33.0271,-115.3605
California,Inyo,2024,272,93,162,10,2,1,4,1322,88,59,0,0,159,57,56,"Inyo County, CA",36.6305,-117.5174
California,Kern,2024,274,74,184,15,1,0,0,156,91,61,0,0,120,105,49,"Kern County, CA",35.3032,-118.7204
California,Kings,2024,182,86,92,3,1,0,0,156,82,52,0,0,97,80,5,"Kings County, CA",36.1391,-119.7718
California,Lake,2024,31,31,0,0,0,0,0,36,26,15,0,0,0,31,0,"Lake County, CA",39.1258,-122.7929
California,Los Angeles,2024,245,36,124,45,34,6,0,230,164,75,1,1,150,90,3,"Los Angeles County, CA",34.2663,-118.1424
California,Madera,2024,182,119,60,3,0,0,0,122,64,45,0,0,132,50,0,"Madera County, CA",37.2724,-119.6358
California,Marin,2024,61,59,2,0,0,0,0,59,38,29,1,3,47,10,0,"Marin County, CA",38.0685,-122.7009
California,Mariposa,2024,244,175,65,4,0,0,0,133,77,45,0,0,232,12,0,"Mariposa County, CA",37.5466,-119.9593
California,Merced,2024,182,110,67,5,0,0,0,133,74,47,0,0,124,57,1,"Merced County, CA",37.1882,-120.609
California,Mono,2024,182,170,12,0,0,0,0,69,40,18,0,0,0,91,91,"Mono County, CA",38.0906,-119.0359
California,Monterey,2024,183,150,33,0,0,0,0,68,54,39,1,0,115,65,2,"Monterey County, CA",36.3564,-121.494
California,Nevada,2024,182,159,23,0,0,0,0,97,51,34,0,0,135,47,0,"Nevada County, CA",39.2666,-121.01
California,Orange,2024,245,105,133,7,0,0,0,126,71,52,1,8,102,133,1,"Orange County, CA",33.6664,-117.7196
California,Placer,2024,213,116,82,15,0,0,0,140,93,49,0,0,163,50,0,"Placer County, CA",39.0148,-120.7424
California,Plumas,2024,184,89,92,3,0,0,0,107,84,52,0,0,0,184,0,"Plumas County, CA",40.0231,-120.8054
California,Riverside,2024,245,37,114,52,35,7,0,213,174,84,1,0,157,65,22,"Riverside County, CA",33.754,-116.0203
California,Sacramento,2024,243,167,73,3,0,0,0,119,62,44,0,0,115,128,0,"Sacramento County, CA",38.3836,-121.2729
California,San Benito,2024,244,181,62,1,0,0,0,105,58,42,0,0,179,65,0,"San Benito County, CA",36.5945,-121.0306
California,San Bernardino,2024,245,40,107,34,43,21,0,227,187,87,1,2,173,59,10,"San Bernardino County, CA",34.8464,-116.1156
California,San Diego,2024,254,124,111,18,1,0,0,159,93,51,0,0,203,51,0,"San Diego County, CA",33.0185,-116.6934
California,San Francisco,2024,60,60,0,0,0,0,0,38,33,29,0,26,34,0,0,"San Francisco County, CA",37.7591,-122.4461
California,San Joaquin,2024,182,118,64,0,0,0,0,90,65,44,0,0,70,109,3,"San Joaquin County, CA",37.8911,-121.2517
California,San Luis Obispo,2024,182,128,53,1,0,0,0,101,64,44,0,0,146,36,0,"San Luis Obispo County, CA",35.3474,-120.336
California,San Mateo,2024,61,42,19,0,0,0,0,64,56,44,1,0,10,50,0,"San Mateo County, CA",37.4084,-122.3109
California,Santa Barbara,2024,183,126,56,1,0,0,0,108,57,44,1,0,100,79,3,"Santa Barbara County, CA",34.7446,-120.0357
California,Santa Clara,2024,61,44,17,0,0,0,0,80,56,37,1,1,28,31,0,"Santa Clara County, CA",37.1901,-121.7207
California,Santa Cruz,2024,182,151,31,0,0,0,0,66,53,39,0,0,74,108,0,"Santa Cruz County, CA",37.0686,-122.0334
California,Shasta,2024,211,178,32,1,0,0,0,108,54,43,0,0,184,18,9,"Shasta County, CA",40.7366,-122.0189
California,Siskiyou,2024,17,17,0,0,0,0,0,11,9,3,0,0,0,17,0,"Siskiyou County, CA",41.5027,-122.5449
California,Solano,2024,274,255,19,0,0,0,0,80,48,37,0,2,250,22,0,"Solano County, CA",38.29,-121.9027
California,Sonoma,2024,182,181,1,0,0,0,0,53,34,14,2,0,44,14,122,"Sonoma County, CA",38.4826,-122.8587
California,Stanislaus,2024,184,109,71,4,0,0,0,143,74,47,0,0,109,74,1,"Stanislaus County, CA",37.6113,-120.8765
California,Sutter,2024,182,139,41,2,0,0,0,105,58,44,0,0,142,40,0,"Sutter County, CA",39.0209,-121.7078
California,Tehama,2024,182,151,30,1,0,0,0,105,64,38,0,0,156,26,0,"Tehama County, CA",40.1258,-122.2124
California,Trinity,2024,174,141,32,1,0,0,0,113,55,26,0,0,0,174,0,"Trinity County, CA",40.6758,-123.1435
California,Tulare,2024,244,72,102,54,16,0,0,185,140,65,0,0,172,71,1,"Tulare County, CA",36.2683,-118.8232
California,Tuolumne,2024,178,160,17,1,0,0,0,101,51,38,0,0,178,0,0,"Tuolumne County, CA",38.0348,-119.8851
California,Ventura,2024,213,120,89,4,0,0,0,122,68,48,0,0,136,76,1,"Ventura County, CA",34.4736,-119.084
California,Yolo,2024,274,204,70,0,0,0,0,90,60,43,0,0,187,87,0,"Yolo County, CA",38.6202,-121.8556
Colorado,Adams,2024,274,111,141,20,2,0,0,161,100,54,0,18,174,54,28,"Adams County, CO",39.8701,-104.1631
Colorado,Alamosa,2024,243,228,15,0,0,0,0,98,39,23,0,0,0,201,42,"Alamosa County, CO",37.5466,-105.7781
Colorado,Arapahoe,2024,244,116,111,15,2,0,0,161,93,51,0,0,232,12,0,"Arapahoe County, CO",39.6519,-104.2834
Colorado,Archuleta,2024,304,295,9,0,0,0,0,64,44,32,0,0,213,0,91,"Archuleta County, CO",37.2108,-107.0588
Colorado,Boulder,2024,274,165,99,9,1,0,0,154,80,48,0,0,169,95,10,"Boulder County, CO",40.088,-105.3448
Colorado,Clear Creek,2024,236,120,106,10,0,0,0,136,87,50,0,0,236,0,0,"Clear Creek County, CO",39.709,-105.66
Colorado,Denver,2024,285,111,146,25,3,0,0,172,100,55,0,28,161,96,0,"Denver County, CO",39.7644,-104.9549
Colorado,Douglas,2024,271,139,107,21,4,0,0,166,100,50,0,0,224,47,0,"Douglas County, CO",39.3483,-104.9202
Colorado,El Paso,2024,274,141,119,12,2,0,0,166,84,50,0,0,224,50,0,"El Paso County, CO",38.8296,-104.5628
Colorado,Fremont,2024,274,273,1,0,0,0,0,51,26,13,0,0,0,0,274,"Fremont County, CO",38.4842,-105.4521
Colorado,Garfield,2024,274,178,93,3,0,0,0,133,71,48,0,0,269,5,0,"Garfield County, CO",39.7184,-107.5261
Colorado,Gilpin,2024,243,144,87,12,0,0,0,150,84,49,0,0,243,0,0,"Gilpin County, CO",39.8421,-105.5153
Colorado,Gunnison,2024,243,150,93,0,0,0,0,100,71,48,0,0,243,0,0,"Gunnison County, CO",38.7039,-106.9748
Colorado,Jackson,2024,180,157,23,0,0,0,0,77,51,45,0,0,170,10,0,"Jackson County, CO",40.664,-106.3228
Colorado,Jefferson,2024,244,103,105,29,7,0,0,174,108,58,0,0,244,0,0,"Jefferson County, CO",39.5234,-105.2388
Colorado,La Plata,2024,305,181,123,1,0,0,0,101,74,48,0,2,293,10,0,"La Plata County, CO",37.3197,-107.8468
Colorado,Larimer,2024,274,124,127,21,2,0,0,161,93,54,0,0,214,60,0,"Larimer County, CO",40.6291,-105.4465
Colorado,Mesa,2024,273,222,51,0,0,0,0,90,58,42,0,0,198,71,4,"Mesa County, CO",38.9347,-108.5839
Colorado,Montezuma,2024,274,180,93,1,0,0,0,101,71,47,0,0,274,0,0,"Montezuma County, CO",37.3197,-108.6287
Colorado,Pitkin,2024,159,155,4,0,0,0,0,76,36,17,0,0,0,49,110,"Pitkin County, CO",39.1721,-106.9304
Colorado,Prowers,2024,274,245,29,0,0,0,0,98,51,26,0,0,0,212,62,"Prowers County, CO",37.9638,-102.3926
Colorado,Pueblo,2024,274,173,93,8,0,0,0,143,77,47,0,0,220,48,6,"Pueblo County, CO",38.1295,-104.5533
Colorado,Rio Blanco,2024,182,133,49,0,0,0,0,90,64,46,0,0,180,2,0,"Rio Blanco County, CO",39.9282,-108.1848
Colorado,Routt,2024,273,272,1,0,0,0,0,53,29,13,0,0,0,0,273,"Routt County, CO",40.4633,-107.0432
Colorado,San Juan,2024,19,19,0,0,0,0,0,7,6,4,0,0,0,19,0,"San Juan County, CO",37.8024,-107.6462
Colorado,San Miguel,2024,269,266,3,0,0,0,0,59,27,15,0,0,0,0,269,"San Miguel County, CO",37.9642,-108.4124
Colorado,Weld,2024,274,118,138,16,2,0,0,164,90,52,0,0,192,82,0,"Weld County, CO",40.502,-104.5459
Connecticut,Fairfield,2024,182,132,39,8,3,0,0,154,71,42,0,11,107,64,0,"Fairfield County, CT",41.3271,-73.3274
Connecticut,Hartford,2024,182,143,33,5,1,0,0,185,57,39,0,8,121,53,0,"Hartford County, CT",41.7924,-72.744
Connecticut,Litchfield,2024,181,153,22,6,0,0,0,119,58,40,2,0,170,9,0,"Litchfield County, CT",41.7615,-73.2599
Connecticut,Middlesex,2024,119,100,15,3,1,0,0,177,64,41,0,0,119,0,0,"Middlesex County, CT",41.4527,-72.5231
Connecticut,New Haven,2024,183,132,43,7,1,0,0,156,59,42,1,7,111,64,0,"New Haven County, CT",41.4087,-72.9095
Connecticut,New London,2024,182,158,21,3,0,0,0,122,53,38,0,0,108,74,0,"New London County, CT",41.4966,-71.9364
Connecticut,Tolland,2024,118,101,12,4,1,0,0,156,67,39,0,0,118,0,0,"Tolland County, CT",41.8121,-72.3192
Connecticut,Windham,2024,238,222,14,2,0,0,0,122,47,36,0,0,238,0,0,"Windham County, CT",41.8325,-71.9791
Country Of Mexico,SONORA,2024,274,121,150,2,1,0,0,173,77,52,0,0,87,89,98,"SONORA County, ",,
Delaware,Kent,2024,153,113,40,0,0,0,0,93,58,43,0,0,95,58,0,"Kent County, DE",39.0975,-75.5721
Delaware,New Castle,2024,182,117,62,3,0,0,0,115,65,44,0,0,118,64,0,"New Castle County, DE",39.5657,-75.6751
Delaware,Sussex,2024,182,149,33,0,0,0,0,87,54,42,0,0,132,50,0,"Sussex County, DE",38.7069,-75.3935
District Of Columbia,District of Columbia,2024,183,118,62,3,0,0,0,114,64,45,1,10,101,71,0,"District of Columbia County, ",,
Florida,Alachua,2024,182,155,27,0,0,0,0,94,52,41,0,0,102,80,0,"Alachua County, FL",29.6809,-82.3552
Florida,Baker,2024,182,130,52,0,0,0,0,87,56,45,0,0,57,125,0,"Baker County, FL",30.3606,-82.3149
Florida,Bay,2024,180,93,87,0,0,0,0,72,60,49,0,0,41,139,0,"Bay County, FL",30.2988,-85.5727
Florida,Brevard,2024,182,148,34,0,0,0,0,74,54,43,0,0,152,30,0,"Brevard County, FL",28.3079,-80.7834
Florida,Broward,2024,183,87,95,0,1,0,0,154,64,51,1,2,62,117,1,"Broward County, FL",26.1511,-80.4895
Florida,Citrus,2024,182,126,55,0,0,1,0,272,56,44,0,0,0,182,0,"Citrus County, FL",28.8593,-82.4374
Florida,Collier,2024,182,125,57,0,0,0,0,87,58,45,0,0,70,112,0,"Collier County, FL",26.1608,-81.3445
Florida,Columbia,2024,182,110,72,0,0,0,0,93,60,47,0,0,63,119,0,"Columbia County, FL",30.2096,-82.6264
Florida,Duval,2024,274,141,133,0,0,0,0,97,64,50,0,1,87,185,1,"Duval County, FL",30.3866,-81.7798
Florida,Escambia,2024,182,126,56,0,0,0,0,84,59,44,0,0,107,75,0,"Escambia County, FL",30.6538,-87.3304
Florida,Flagler,2024,180,172,8,0,0,0,0,71,48,38,0,0,180,0,0,"Flagler County, FL",29.4662,-81.3097
Florida,Hamilton,2024,171,110,61,0,0,0,0,75,58,46,0,0,0,171,0,"Hamilton County, FL",30.476,-82.9714
Florida,Highlands,2024,181,151,30,0,0,0,0,77,58,41,0,0,181,0,0,"Highlands County, FL",27.3401,-81.3049
Florida,Hillsborough,2024,183,84,96,3,0,0,0,143,71,52,1,0,72,110,0,"Hillsborough County, FL",27.9097,-82.2405
Florida,Holmes,2024,181,105,76,0,0,0,0,72,58,48,0,0,46,135,0,"Holmes County, FL",30.8497,-85.8166
Florida,Indian River,2024,235,234,1,0,0,0,0,51,44,35,0,0,235,0,0,"Indian River County, FL",27.7062,-80.637
Florida,Lake,2024,182,152,30,0,0,0,0,100,54,41,0,0,182,0,0,"Lake County, FL",28.8116,-81.6866
Florida,Lee,2024,182,161,21,0,0,0,0,80,54,38,0,0,182,0,0,"Lee County, FL",26.5436,-81.7444
Florida,Leon,2024,177,115,61,1,0,0,0,129,62,45,0,0,61,116,0,"Leon County, FL",30.4796,-84.2219
Florida,Liberty,2024,211,208,3,0,0,0,0,54,44,32,0,0,211,0,0,"Liberty County, FL",30.2933,-84.8882
Florida,Manatee,2024,182,160,21,1,0,0,0,115,51,39,0,0,182,0,0,"Manatee County, FL",27.4274,-82.3328
Florida,Marion,2024,182,75,106,1,0,0,0,101,61,52,0,0,45,137,0,"Marion County, FL",29.2407,-82.0227
Florida,Martin,2024,180,156,24,0,0,0,0,71,53,41,0,0,136,44,0,"Martin County, FL",27.0829,-80.4238
Florida,Miami-Dade,2024,182,99,79,1,3,0,0,197,61,50,0,6,57,119,0,"Miami-Dade County, FL",25.5592,-80.5906
Florida,Okaloosa,2024,182,167,15,0,0,0,0,74,50,38,0,0,179,0,3,"Okaloosa County, FL",30.6992,-86.5921
Florida,Orange,2024,275,204,69,2,0,0,0,121,59,42,1,1,175,98,0,"Orange County, FL",28.5666,-81.2951
Florida,Osceola,2024,182,155,26,1,0,0,0,108,51,41,0,0,182,0,0,"Osceola County, FL",27.9963,-81.1262
Florida,Palm Beach,2024,274,177,97,0,0,0,0,76,58,45,0,0,83,191,0,"Palm Beach County, FL",26.6457,-80.4653
Florida,Pasco,2024,182,149,33,0,0,0,0,97,61,42,0,0,182,0,0,"Pasco County, FL",28.3248,-82.3938
Florida,Pinellas,2024,275,150,122,3,0,0,0,132,61,49,1,0,83,189,2,"Pinellas County, FL",27.9341,-82.7715
Florida,Polk,2024,182,118,63,1,0,0,0,105,58,46,0,0,95,87,0,"Polk County, FL",28.0031,-81.7384
Florida,Putnam,2024,178,164,13,1,0,0,0,112,47,22,0,0,0,0,178,"Putnam County, FL",29.6056,-81.8327
Florida,Santa Rosa,2024,182,118,64,0,0,0,0,81,59,46,0,0,72,110,0,"Santa Rosa County, FL",30.6713,-87.0296
Florida,Sarasota,2024,274,171,102,1,0,0,0,115,63,46,0,0,101,173,0,"Sarasota County, FL",27.1675,-82.2674
Florida,Seminole,2024,182,127,54,1,0,0,0,149,61,44,0,0,112,70,0,"Seminole County, FL",28.7457,-81.2396
Florida,St. Lucie,2024,181,173,8,0,0,0,0,64,48,39,0,0,181,0,0,"St. Lucie County, FL",27.3823,-80.4869
Florida,Volusia,2024,182,144,38,0,0,0,0,76,53,42,0,0,99,83,0,"Volusia County, FL",29.0205,-81.1398
Florida,Wakulla,2024,181,130,51,0,0,0,0,80,56,43,0,0,70,111,0,"Wakulla County, FL",30.1363,-84.3717
Georgia,Bibb,2024,274,136,136,2,0,0,0,123,66,51,0,0,40,234,0,"Bibb County, GA",32.8066,-83.6856
Georgia,Charlton,2024,20,18,2,0,0,0,0,81,51,27,0,0,0,20,0,"Charlton County, GA",30.7162,-82.1044
Georgia,Chatham,2024,270,182,87,1,0,0,0,130,58,43,0,0,64,206,0,"Chatham County, GA",32.0419,-81.1414
Georgia,Chattooga,2024,182,173,9,0,0,0,0,77,49,39,0,0,182,0,0,"Chattooga County, GA",34.4379,-85.337
Georgia,Clarke,2024,272,170,100,2,0,0,0,126,63,45,0,0,90,182,0,"Clarke County, GA",33.9437,-83.3976
Georgia,Clayton,2024,169,94,73,2,0,0,0,128,64,45,0,0,0,169,0,"Clayton County, GA",33.5008,-84.352
Georgia,Cobb,2024,272,152,120,0,0,0,0,86,65,48,0,0,63,209,0,"Cobb County, GA",33.9125,-84.585
Georgia,Coffee,2024,269,178,90,1,0,0,0,137,59,44,0,0,0,269,0,"Coffee County, GA",31.5867,-82.8437
Georgia,Columbia,2024,131,122,9,0,0,0,0,90,49,37,0,0,131,0,0,"Columbia County, GA",33.5274,-82.2215
Georgia,Dawson,2024,214,195,18,0,1,0,0,154,49,39,0,0,214,0,0,"Dawson County, GA",34.4804,-84.2231
Georgia,DeKalb,2024,306,167,133,6,0,0,0,133,69,47,33,9,69,195,0,"DeKalb County, GA",33.7931,-84.22
Georgia,Dougherty,2024,268,164,100,4,0,0,0,121,63,46,0,0,0,268,0,"Dougherty County, GA",31.5429,-84.2219
Georgia,Douglas,2024,244,208,34,2,0,0,0,133,64,41,0,0,244,0,0,"Douglas County, GA",33.69,-84.7665
Georgia,Floyd,2024,271,187,84,0,0,0,0,89,60,38,0,0,0,271,0,"Floyd County, GA",34.335,-85.194
Georgia,Fulton,2024,306,162,140,4,0,0,0,129,68,49,32,14,64,196,0,"Fulton County, GA",33.845,-84.4039
Georgia,Glynn,2024,274,225,49,0,0,0,0,84,55,38,0,0,98,176,0,"Glynn County, GA",31.2334,-81.5432
Georgia,Gwinnett,2024,274,117,156,0,1,0,0,161,72,53,0,0,51,223,0,"Gwinnett County, GA",33.9601,-84.0453
Georgia,Hall,2024,273,121,152,0,0,0,0,100,69,52,0,0,0,273,0,"Hall County, GA",34.3063,-83.7851
Georgia,Henry,2024,273,195,72,6,0,0,0,133,64,42,0,0,99,174,0,"Henry County, GA",33.4724,-84.1195
Georgia,Houston,2024,270,186,83,1,0,0,0,105,60,42,0,0,0,270,0,"Houston County, GA",32.4877,-83.6449
Georgia,Lowndes,2024,241,156,84,1,0,0,0,110,59,43,0,0,0,241,0,"Lowndes County, GA",30.8282,-83.2435
Georgia,Murray,2024,198,161,37,0,0,0,0,77,58,41,0,0,179,19,0,"Murray County, GA",34.786,-84.7429
Georgia,Muscogee,2024,274,150,117,7,0,0,0,127,66,49,0,0,57,217,0,"Muscogee County, GA",32.4916,-84.8638
Georgia,Pike,2024,230,184,42,4,0,0,0,126,64,41,0,0,230,0,0,"Pike County, GA",33.0887,-84.3827
Georgia,Richmond,2024,270,154,115,1,0,0,0,105,63,47,0,0,59,211,0,"Richmond County, GA",33.3856,-82.0915
Georgia,Rockdale,2024,183,158,23,2,0,0,0,115,58,40,0,0,183,0,0,"Rockdale County, GA",33.6557,-84.012
Georgia,Sumter,2024,184,169,15,0,0,0,0,84,50,39,0,0,184,0,0,"Sumter County, GA",32.0502,-84.2061
Georgia,Walker,2024,271,134,137,0,0,0,0,98,66,51,0,0,0,271,0,"Walker County, GA",34.7861,-85.3261
Georgia,Washington,2024,269,166,102,1,0,0,0,101,62,44,0,0,0,269,0,"Washington County, GA",32.9975,-82.7988
Hawaii,Hawaii,2024,241,237,4,0,0,0,0,57,29,20,0,0,0,241,0,"Hawaii County, HI",19.591,-155.4494
Hawaii,Honolulu,2024,183,180,3,0,0,0,0,85,42,34,1,0,108,74,0,"Honolulu County, HI",21.484,-158.0381
Hawaii,Maui,2024,182,181,0,1,0,0,0,101,38,24,0,0,0,182,0,"Maui County, HI",20.8031,-156.3111
Idaho,Ada,2024,183,144,34,4,1,0,0,157,64,43,1,11,141,29,1,"Ada County, ID",43.4673,-116.224
Idaho,Bannock,2024,182,169,13,0,0,0,0,67,47,35,0,0,84,54,44,"Bannock County, ID",42.6408,-112.163
Idaho,Benewah,2024,181,132,48,1,0,0,0,111,61,40,0,0,0,181,0,"Benewah County, ID",47.2169,-116.6847
Idaho,Blaine,2024,176,176,0,0,0,0,0,44,22,12,0,0,0,176,0,"Blaine County, ID",43.3095,-113.8783
Idaho,Boise,2024,182,150,32,0,0,0,0,76,53,29,0,0,0,182,0,"Boise County, ID",43.9699,-115.7708
Idaho,Bonner,2024,181,173,8,0,0,0,0,73,43,22,0,0,0,161,20,"Bonner County, ID",48.3729,-116.5425
Idaho,Bonneville,2024,180,176,4,0,0,0,0,60,30,16,0,0,0,180,0,"Bonneville County, ID",43.3324,-111.4337
Idaho,Butte,2024,237,188,49,0,0,0,0,97,64,44,0,0,236,1,0,"Butte County, ID",43.7614,-113.0807
Idaho,Canyon,2024,182,158,22,1,1,0,0,152,53,28,0,0,0,178,4,"Canyon County, ID",43.5865,-116.6532
Idaho,Custer,2024,20,20,0,0,0,0,0,9,7,4,0,0,0,20,0,"Custer County, ID",44.228,-114.294
Idaho,Franklin,2024,127,103,22,1,1,0,0,161,59,21,0,0,0,127,0,"Franklin County, ID",42.2148,-111.8462
Idaho,Idaho,2024,272,183,81,5,2,1,0,217,69,42,0,0,87,185,0,"Idaho County, ID",45.8945,-115.5619
Idaho,Kootenai,2024,173,173,0,0,0,0,0,48,31,17,0,0,0,173,0,"Kootenai County, ID",47.6775,-116.6828
Idaho,Latah,2024,182,178,4,0,0,0,0,59,31,19,0,0,0,182,0,"Latah County, ID",46.8386,-116.6846
Idaho,Lemhi,2024,182,140,41,1,0,0,0,111,67,19,0,0,0,182,0,"Lemhi County, ID",44.9728,-114.0904
Idaho,Nez Perce,2024,272,212,56,3,1,0,0,165,63,26,0,0,0,272,0,"Nez Perce County, ID",46.2443,-116.8216
Idaho,Shoshone,2024,182,130,52,0,0,0,0,91,59,38,0,0,0,180,2,"Shoshone County, ID",47.5044,-116.0148
Idaho,Twin Falls,2024,171,158,13,0,0,0,0,59,48,14,0,0,0,171,0,"Twin Falls County, ID",42.4569,-114.5536
Idaho,Valley,2024,173,158,15,0,0,0,0,73,48,27,0,0,0,173,0,"Valley County, ID",44.6858,-115.6567
Illinois,Adams,2024,204,189,15,0,0,0,0,97,49,43,0,0,204,0,0,"Adams County, IL",39.9788,-91.1866
Illinois,Champaign,2024,274,181,93,0,0,0,0,100,60,45,0,0,156,118,0,"Champaign County, IL",40.1363,-88.2017
Illinois,Clark,2024,272,245,27,0,0,0,0,90,50,38,0,0,272,0,0,"Clark County, IL",39.323,-87.8036
Illinois,Cook,2024,275,100,164,10,1,0,0,166,87,54,1,16,119,133,6,"Cook County, IL",41.8129,-87.7536
Illinois,DuPage,2024,274,171,103,0,0,0,0,97,63,45,0,0,121,153,0,"DuPage County, IL",41.8389,-88.091
Illinois,Effingham,2024,210,192,17,1,0,0,0,101,49,41,0,0,210,0,0,"Effingham County, IL",39.0658,-88.5834
Illinois,Hamilton,2024,274,170,103,1,0,0,0,112,61,46,0,0,101,173,0,"Hamilton County, IL",38.0852,-88.5391
Illinois,Jersey,2024,241,172,68,1,0,0,0,112,61,44,0,0,143,98,0,"Jersey County, IL",39.094,-90.3706
Illinois,Jo Daviess,2024,234,218,16,0,0,0,0,80,48,38,0,0,234,0,0,"Jo Daviess County, IL",42.3507,-90.1821
Illinois,Kane,2024,236,178,57,1,0,0,0,105,64,42,0,0,189,47,0,"Kane County, IL",41.9379,-88.4322
Illinois,Lake,2024,214,172,37,5,0,0,0,140,74,41,0,0,214,0,0,"Lake County, IL",42.3243,-88.0155
Illinois,Macon,2024,274,185,88,1,0,0,0,101,60,43,0,0,122,152,0,"Macon County, IL",39.8618,-88.9818
Illinois,Macoupin,2024,274,255,18,1,0,0,0,105,47,37,0,64,210,0,0,"Macoupin County, IL",39.2597,-89.9251
Illinois,Madison,2024,274,140,128,4,2,0,0,165,74,50,0,0,127,147,0,"Madison County, IL",38.8281,-89.8552
Illinois,McHenry,2024,274,187,86,1,0,0,0,108,61,43,0,0,133,141,0,"McHenry County, IL",42.3249,-88.4523
Illinois,McLean,2024,274,186,87,1,0,0,0,112,61,44,0,0,160,114,0,"McLean County, IL",40.5209,-88.8633
Illinois,Peoria,2024,252,174,78,0,0,0,0,100,61,44,0,0,146,106,0,"Peoria County, IL",40.7421,-89.7691
Illinois,Randolph,2024,274,214,60,0,0,0,0,100,54,41,0,0,144,130,0,"Randolph County, IL",38.0133,-89.8253
Illinois,Rock Island,2024,274,211,63,0,0,0,0,84,55,44,0,0,159,115,0,"Rock Island County, IL",41.5548,-90.3036
Illinois,Saint Clair,2024,274,158,113,3,0,0,0,112,65,47,0,2,94,178,0,"Saint Clair County, IL",,
Illinois,Sangamon,2024,274,187,86,1,0,0,0,105,58,43,0,0,129,145,0,"Sangamon County, IL",39.7498,-89.7053
Illinois,Will,2024,273,182,91,0,0,0,0,84,60,44,0,0,118,155,0,"Will County, IL",41.4662,-87.8889
Illinois,Winnebago,2024,274,190,81,3,0,0,0,119,61,44,0,0,146,128,0,"Winnebago County, IL",42.3251,-89.1691
Indiana,Allen,2024,274,173,101,0,0,0,0,100,65,45,0,0,175,99,0,"Allen County, IN",41.0968,-85.0703
Indiana,Bartholomew,2024,305,218,86,1,0,0,0,101,59,44,0,0,207,98,0,"Bartholomew County, IN",39.1949,-85.8843
Indiana,Boone,2024,270,229,41,0,0,0,0,93,61,40,0,0,270,0,0,"Boone County, IN",40.0509,-86.4686
Indiana,Brown,2024,305,285,20,0,0,0,0,77,49,39,0,0,305,0,0,"Brown County, IN",39.1969,-86.2264
Indiana,Carroll,2024,300,256,44,0,0,0,0,90,54,40,0,0,300,0,0,"Carroll County, IN",40.5879,-86.5729
Indiana,Clark,2024,295,175,116,4,0,0,0,150,64,48,0,0,145,150,0,"Clark County, IN",38.4373,-85.8012
Indiana,Delaware,2024,305,205,100,0,0,0,0,97,62,44,0,0,187,118,0,"Delaware County, IN",40.2284,-85.3965
Indiana,Dubois,2024,274,186,88,0,0,0,0,70,59,41,0,0,0,273,1,"Dubois County, IN",38.3651,-86.8769
Indiana,Elkhart,2024,274,172,102,0,0,0,0,93,64,46,0,0,148,126,0,"Elkhart County, IN",41.5984,-85.8585
Indiana,Floyd,2024,274,196,77,0,1,0,0,154,61,43,0,0,173,101,0,"Floyd County, IN",38.2987,-85.8932
Indiana,Greene,2024,270,193,77,0,0,0,0,97,57,43,0,0,153,117,0,"Greene County, IN",39.0348,-86.9615
Indiana,Hamilton,2024,272,182,89,1,0,0,0,108,61,44,0,0,121,151,0,"Hamilton County, IN",40.0846,-86.0524
Indiana,Hendricks,2024,263,245,18,0,0,0,0,80,49,37,0,0,263,0,0,"Hendricks County, IN",39.7622,-86.5068
Indiana,Henry,2024,268,208,60,0,0,0,0,75,56,35,0,0,0,268,0,"Henry County, IN",39.9332,-85.3884
Indiana,Howard,2024,274,168,106,0,0,0,0,93,64,46,0,0,164,110,0,"Howard County, IN",40.4698,-86.1192
Indiana,Knox,2024,238,203,35,0,0,0,0,90,58,41,0,0,238,0,0,"Knox County, IN",38.662,-87.4295
Indiana,LaPorte,2024,274,190,82,2,0,0,0,115,67,43,0,0,218,56,0,"LaPorte County, IN",41.506,-86.7274
Indiana,Lake,2024,274,111,159,3,1,0,0,166,74,52,0,0,106,164,4,"Lake County, IN",41.438,-87.3727
Indiana,Madison,2024,305,218,87,0,0,0,0,97,61,44,0,0,204,101,0,"Madison County, IN",40.1589,-85.7193
Indiana,Marion,2024,305,135,168,2,0,0,0,116,73,52,0,1,120,184,0,"Marion County, IN",39.7798,-86.1394
Indiana,Monroe,2024,267,216,51,0,0,0,0,61,54,33,0,0,0,267,0,"Monroe County, IN",39.1741,-86.5267
Indiana,Perry,2024,240,202,38,0,0,0,0,90,54,42,0,0,240,0,0,"Perry County, IN",38.0538,-86.6108
Indiana,Porter,2024,274,171,101,2,0,0,0,112,64,46,0,0,138,123,13,"Porter County, IN",41.4674,-87.0746
Indiana,Posey,2024,273,253,19,1,0,0,0,122,49,39,0,0,273,0,0,"Posey County, IN",38.0025,-87.8613
Indiana,Shelby,2024,304,270,34,0,0,0,0,87,51,39,0,0,304,0,0,"Shelby County, IN",39.5242,-85.7912
Indiana,Spencer,2024,75,53,22,0,0,0,0,68,55,38,0,0,0,75,0,"Spencer County, IN",37.9945,-87.0107
Indiana,St. Joseph,2024,274,169,104,1,0,0,0,115,66,47,0,0,167,107,0,"St. Joseph County, IN",41.5981,-86.2736
Indiana,Tippecanoe,2024,262,189,73,0,0,0,0,67,57,38,0,0,0,262,0,"Tippecanoe County, IN",40.3925,-86.8937
Indiana,Vanderburgh,2024,305,190,113,2,0,0,0,119,63,46,0,0,162,143,0,"Vanderburgh County, IN",37.9993,-87.5741
Indiana,Vigo,2024,274,149,124,1,0,0,0,112,64,48,0,0,116,158,0,"Vigo County, IN",39.435,-87.3855
Indiana,Wabash,2024,244,217,27,0,0,0,0,84,51,39,0,0,244,0,0,"Wabash County, IN",40.8493,-85.7919
Indiana,Warrick,2024,305,265,39,1,0,0,0,101,51,41,0,0,305,0,0,"Warrick County, IN",38.062,-87.2847
Indiana,Whitley,2024,274,207,67,0,0,0,0,70,56,34,0,0,0,274,0,"Whitley County, IN",41.1483,-85.5122
Iowa,Black Hawk,2024,304,190,114,0,0,0,0,87,59,44,0,0,0,304,0,"Black Hawk County, IA",42.4762,-92.318
Iowa,Bremer,2024,235,208,27,0,0,0,0,74,54,40,0,0,235,0,0,"Bremer County, IA",42.7701,-92.3182
Iowa,Clinton,2024,304,192,112,0,0,0,0,90,60,46,0,0,141,163,0,"Clinton County, IA",41.8816,-90.5324
Iowa,Harrison,2024,244,208,36,0,0,0,0,90,54,42,0,0,244,0,0,"Harrison County, IA",41.6861,-95.84
Iowa,Johnson,2024,305,217,88,0,0,0,0,83,57,38,0,0,0,305,0,"Johnson County, IA",41.645,-91.5998
Iowa,Linn,2024,305,196,109,0,0,0,0,79,61,45,0,0,129,176,0,"Linn County, IA",42.0798,-91.5998
Iowa,Montgomery,2024,294,222,72,0,0,0,0,80,56,43,0,0,144,150,0,"Montgomery County, IA",41.0305,-95.1562
Iowa,Muscatine,2024,305,231,74,0,0,0,0,78,55,38,0,0,0,305,0,"Muscatine County, IA",41.47,-91.0769
Iowa,Palo Alto,2024,302,218,84,0,0,0,0,96,60,43,0,0,152,150,0,"Palo Alto County, IA",43.0818,-94.6781
Iowa,Polk,2024,305,193,112,0,0,0,0,93,59,46,0,2,143,158,2,"Polk County, IA",41.6673,-93.5815
Iowa,Pottawattamie,2024,89,57,32,0,0,0,0,75,58,42,0,0,0,89,0,"Pottawattamie County, IA",41.3347,-95.5518
Iowa,Scott,2024,306,182,124,0,0,0,0,90,61,47,1,0,141,114,50,"Scott County, IA",41.6065,-90.62
Iowa,Van Buren,2024,305,176,128,1,0,0,0,138,59,47,0,0,100,205,0,"Van Buren County, IA",40.7517,-91.9485
Iowa,Woodbury,2024,264,215,49,0,0,0,0,84,57,43,0,0,219,45,0,"Woodbury County, IA",42.3866,-96.0407
Kansas,Chase,2024,20,18,2,0,0,0,0,94,54,16,0,0,0,20,0,"Chase County, KS",38.3061,-96.5966
Kansas,Ford,2024,182,174,8,0,0,0,0,80,40,20,0,0,0,61,121,"Ford County, KS",37.6805,-99.8868
Kansas,Johnson,2024,182,136,46,0,0,0,0,80,58,44,0,0,104,75,3,"Johnson County, KS",38.9038,-94.8319
Kansas,Leavenworth,2024,165,161,4,0,0,0,0,67,48,37,0,0,165,0,0,"Leavenworth County, KS",39.1929,-95.0405
Kansas,Neosho,2024,182,129,50,2,1,0,0,168,59,44,0,0,96,84,2,"Neosho County, KS",37.5657,-95.3067
Kansas,Sedgwick,2024,182,150,31,0,1,0,0,180,58,40,0,4,162,15,1,"Sedgwick County, KS",37.6926,-97.4802
Kansas,Shawnee,2024,182,140,41,1,0,0,0,125,61,44,0,0,132,49,1,"Shawnee County, KS",39.0407,-95.724
Kansas,Sherman,2024,140,132,7,1,0,0,0,138,46,23,0,0,0,98,42,"Sherman County, KS",39.3527,-101.72
Kansas,Sumner,2024,182,133,46,2,1,0,0,196,58,43,0,0,113,67,2,"Sumner County, KS",37.2327,-97.4761
Kansas,Trego,2024,182,139,41,2,0,0,0,127,61,44,0,0,134,44,4,"Trego County, KS",38.9139,-99.8731
Kansas,Wyandotte,2024,182,95,85,2,0,0,0,126,71,49,0,2,73,96,11,"Wyandotte County, KS",39.0949,-94.7579
Kentucky,Bell,2024,182,120,62,0,0,0,0,88,63,45,0,0,75,107,0,"Bell County, KY",36.7691,-83.6441
Kentucky,Boone,2024,122,105,17,0,0,0,0,77,58,41,0,0,122,0,0,"Boone County, KY",38.9622,-84.721
Kentucky,Boyd,2024,187,150,37,0,0,0,0,66,54,41,0,1,93,87,6,"Boyd County, KY",38.3696,-82.6985
Kentucky,Bullitt,2024,122,100,21,1,0,0,0,105,58,43,0,0,122,0,0,"Bullitt County, KY",37.9623,-85.7158
Kentucky,Campbell,2024,191,152,37,2,0,0,0,105,54,40,0,1,82,108,0,"Campbell County, KY",38.962,-84.3659
Kentucky,Carter,2024,187,167,20,0,0,0,0,62,51,36,0,0,99,83,5,"Carter County, KY",38.3367,-83.0088
Kentucky,Christian,2024,181,146,35,0,0,0,0,80,54,42,0,0,81,100,0,"Christian County, KY",36.9104,-87.4781
Kentucky,Edmonson,2024,243,222,21,0,0,0,0,77,50,40,0,0,236,7,0,"Edmonson County, KY",37.2033,-86.233
Kentucky,Fayette,2024,187,158,29,0,0,0,0,77,53,40,0,3,96,83,5,"Fayette County, KY",38.0282,-84.4715
Kentucky,Greenup,2024,120,115,5,0,0,0,0,74,47,38,0,0,120,0,0,"Greenup County, KY",38.5657,-82.9522
Kentucky,Hancock,2024,107,94,13,0,0,0,0,100,51,43,0,0,107,0,0,"Hancock County, KY",37.8268,-86.7573
Kentucky,Hardin,2024,154,129,25,0,0,0,0,67,53,41,0,0,73,81,0,"Hardin County, KY",37.726,-85.94
Kentucky,Jefferson,2024,183,103,77,2,1,0,0,156,64,49,1,4,81,97,0,"Jefferson County, KY",38.1944,-85.6526
Kentucky,Jessamine,2024,122,108,14,0,0,0,0,93,51,43,0,0,122,0,0,"Jessamine County, KY",37.866,-84.572
Kentucky,Livingston,2024,122,115,7,0,0,0,0,90,49,42,0,0,122,0,0,"Livingston County, KY",37.2032,-88.3267
Kentucky,McCracken,2024,179,138,40,1,0,0,0,101,54,43,0,6,82,91,0,"McCracken County, KY",37.0851,-88.7237
Kentucky,Morgan,2024,243,224,19,0,0,0,0,64,49,40,0,0,243,0,0,"Morgan County, KY",37.9136,-83.2228
Kentucky,Oldham,2024,122,103,19,0,0,0,0,93,58,42,0,0,122,0,0,"Oldham County, KY",38.4048,-85.4772
Kentucky,Perry,2024,168,136,31,1,0,0,0,117,56,42,0,0,89,79,0,"Perry County, KY",37.2181,-83.1793
Kentucky,Pike,2024,182,158,24,0,0,0,0,70,53,38,0,0,97,85,0,"Pike County, KY",37.471,-82.3248
Kentucky,Pulaski,2024,182,147,35,0,0,0,0,68,55,42,0,0,85,97,0,"Pulaski County, KY",37.1116,-84.5965
Kentucky,Simpson,2024,119,100,19,0,0,0,0,93,54,43,0,0,119,0,0,"Simpson County, KY",36.7631,-86.5716
Kentucky,Warren,2024,180,146,34,0,0,0,0,87,55,39,0,0,79,101,0,"Warren County, KY",36.9834,-86.4059
Kentucky,Washington,2024,227,202,25,0,0,0,0,74,51,41,0,0,227,0,0,"Washington County, KY",37.7743,-85.1824
Louisiana,Ascension,2024,303,273,27,2,1,0,0,151,50,34,0,10,293,0,0,"Ascension County, LA",,
Louisiana,Bossier,2024,303,152,148,3,0,0,0,111,67,50,0,0,100,189,14,"Bossier County, LA",,
Louisiana,Caddo,2024,295,244,50,1,0,0,0,101,55,41,0,0,250,45,0,"Caddo County, LA",,
Louisiana,Calcasieu,2024,305,154,147,4,0,0,0,147,65,50,0,0,106,199,0,"Calcasieu County, LA",,
Louisiana,East Baton Rouge,2024,305,144,154,6,1,0,0,154,74,51,0,0,117,188,0,"East Baton Rouge County, LA",,
Louisiana,Iberville,2024,305,227,69,8,1,0,0,159,74,43,0,1,279,25,0,"Iberville County, LA",,
Louisiana,Jefferson,2024,305,179,125,0,1,0,0,188,62,47,0,6,145,154,0,"Jefferson County, LA",,
Louisiana,Lafayette,2024,304,134,168,2,0,0,0,108,63,52,0,0,83,221,0,"Lafayette County, LA",,
Louisiana,Lafourche,2024,301,156,145,0,0,0,0,93,61,50,0,0,69,232,0,"Lafourche County, LA",,
Louisiana,Livingston,2024,305,194,111,0,0,0,0,100,67,44,0,0,160,145,0,"Livingston County, LA",,
Louisiana,Orleans,2024,306,210,95,1,0,0,0,105,58,41,1,26,0,278,1,"Orleans County, LA",,
Louisiana,Ouachita,2024,305,247,58,0,0,0,0,97,57,41,0,0,228,77,0,"Ouachita County, LA",,
Louisiana,Pointe Coupee,2024,300,273,26,1,0,0,0,101,50,37,0,0,300,0,0,"Pointe Coupee County, LA",,
Louisiana,Rapides,2024,60,48,11,1,0,0,0,102,57,37,0,0,0,60,0,"Rapides County, LA",,
Louisiana,St. Bernard,2024,305,182,121,2,0,0,0,138,62,47,0,0,140,165,0,"St. Bernard County, LA",,
Louisiana,St. James,2024,302,278,21,3,0,0,0,108,49,33,0,0,302,0,0,"St. James County, LA",,
Louisiana,St. John the Baptist,2024,299,260,37,2,0,0,0,105,54,37,0,0,299,0,0,"St. John the Baptist County, LA",,
Louisiana,St. Martin,2024,270,230,39,1,0,0,0,101,61,39,0,0,270,0,0,"St. Martin County, LA",,
Louisiana,St. Tammany,2024,302,231,70,0,1,0,0,186,59,41,0,0,182,120,0,"St. Tammany County, LA",,
Louisiana,Tangipahoa,2024,65,33,32,0,0,0,0,77,62,50,0,0,0,65,0,"Tangipahoa County, LA",,
Louisiana,Terrebonne,2024,61,46,15,0,0,0,0,99,56,36,0,0,0,61,0,"Terrebonne County, LA",,
Louisiana,West Baton Rouge,2024,305,157,146,2,0,0,0,101,67,50,0,0,94,211,0,"West Baton Rouge County, LA",,
Maine,Androscoggin,2024,305,281,24,0,0,0,0,77,48,33,0,0,171,132,2,"Androscoggin County, ME",44.1975,-70.2021
Maine,Aroostook,2024,274,218,56,0,0,0,0,96,55,37,0,0,106,158,10,"Aroostook County, ME",46.5366,-68.304
Maine,Cumberland,2024,305,235,69,1,0,0,0,119,58,39,0,0,183,118,4,"Cumberland County, ME",43.85,-70.4132
Maine,Hancock,2024,275,244,30,1,0,0,0,105,54,39,2,0,256,17,0,"Hancock County, ME",44.7441,-68.3219
Maine,Kennebec,2024,305,254,51,0,0,0,0,77,53,36,0,0,139,166,0,"Kennebec County, ME",44.4146,-69.7897
Maine,Knox,2024,295,283,12,0,0,0,0,84,44,33,0,0,295,0,0,"Knox County, ME",44.1416,-69.1941
Maine,Oxford,2024,305,281,24,0,0,0,0,67,46,32,0,0,186,119,0,"Oxford County, ME",44.5715,-70.6599
Maine,Penobscot,2024,271,245,26,0,0,0,0,74,49,35,0,0,185,83,3,"Penobscot County, ME",45.5258,-68.4345
Maine,Sagadahoc,2024,202,190,12,0,0,0,0,93,46,35,0,0,202,0,0,"Sagadahoc County, ME",43.9346,-69.7952
Maine,Washington,2024,272,266,6,0,0,0,0,58,43,35,0,0,237,35,0,"Washington County, ME",45.0452,-67.5514
Maine,York,2024,301,286,14,1,0,0,0,129,46,35,0,0,301,0,0,"York County, ME",43.4408,-70.6572
Maryland,Anne Arundel,2024,220,175,44,1,0,0,0,129,67,42,0,0,204,0,16,"Anne Arundel County, MD",38.9754,-76.6531
Maryland,Baltimore,2024,305,207,93,5,0,0,0,115,71,44,0,4,224,77,0,"Baltimore County, MD",39.4587,-76.637
Maryland,Baltimore (City),2024,304,219,79,6,0,0,0,112,71,42,0,5,215,84,0,"Baltimore (City) County, MD",,
Maryland,Calvert,2024,121,101,20,0,0,0,0,93,51,43,0,0,121,0,0,"Calvert County, MD",38.5432,-76.5914
Maryland,Carroll,2024,121,91,30,0,0,0,0,93,67,43,0,0,121,0,0,"Carroll County, MD",39.5348,-77.0131
Maryland,Cecil,2024,305,209,93,3,0,0,0,126,64,44,0,0,182,123,0,"Cecil County, MD",39.5427,-75.9237
Maryland,Charles,2024,113,101,12,0,0,0,0,90,51,42,0,0,113,0,0,"Charles County, MD",38.4864,-77.1515
Maryland,Dorchester,2024,274,219,55,0,0,0,0,84,56,40,0,0,200,74,0,"Dorchester County, MD",38.461,-76.0567
Maryland,Frederick,2024,121,93,28,0,0,0,0,90,67,44,0,0,121,0,0,"Frederick County, MD",39.4703,-77.3679
Maryland,Garrett,2024,275,229,46,0,0,0,0,87,56,41,1,0,248,26,0,"Garrett County, MD",39.463,-79.2891
Maryland,Harford,2024,304,217,82,4,1,0,0,154,67,43,0,0,232,72,0,"Harford County, MD",39.511,-76.2962
Maryland,Howard,2024,250,208,42,0,0,0,0,75,54,33,3,54,0,193,0,"Howard County, MD",39.236,-76.8932
Maryland,Kent,2024,274,226,47,1,0,0,0,105,56,37,0,0,115,159,0,"Kent County, MD",39.2185,-76.1421
Maryland,Montgomery,2024,268,204,64,0,0,0,0,93,61,41,0,0,118,150,0,"Montgomery County, MD",39.1442,-77.2388
Maryland,Prince George's,2024,305,230,72,3,0,0,0,129,71,41,0,9,266,30,0,"Prince George's County, MD",38.8356,-76.8411
Maryland,Washington,2024,305,242,63,0,0,0,0,90,59,41,0,0,231,74,0,"Washington County, MD",39.5209,-77.7203
Massachusetts,Barnstable,2024,235,217,17,1,0,0,0,101,48,38,0,0,233,2,0,"Barnstable County, MA",41.7993,-69.9956
Massachusetts,Berkshire,2024,244,194,50,0,0,0,0,97,58,40,0,0,174,70,0,"Berkshire County, MA",42.3939,-73.2014
Massachusetts,Bristol,2024,244,204,38,2,0,0,0,108,58,40,0,0,206,38,0,"Bristol County, MA",41.7892,-71.2278
Massachusetts,Dukes,2024,240,222,17,1,0,0,0,108,48,39,0,0,238,2,0,"Dukes County, MA",41.3918,-70.6209
Massachusetts,Essex,2024,244,204,40,0,0,0,0,93,55,38,0,0,192,52,0,"Essex County, MA",42.6513,-71.0076
Massachusetts,Franklin,2024,248,197,51,0,0,0,0,93,57,38,0,0,165,83,0,"Franklin County, MA",42.519,-72.5621
Massachusetts,Hampden,2024,249,190,57,2,0,0,0,119,61,39,0,4,165,80,0,"Hampden County, MA",42.1702,-72.6267
Massachusetts,Hampshire,2024,244,207,35,2,0,0,0,112,55,38,0,0,169,75,0,"Hampshire County, MA",42.3699,-72.7142
Massachusetts,Middlesex,2024,244,204,40,0,0,0,0,93,54,38,0,2,181,61,0,"Middlesex County, MA",42.4472,-71.2884
Massachusetts,Norfolk,2024,244,206,38,0,0,0,0,90,57,40,0,0,204,40,0,"Norfolk County, MA",42.1571,-71.1978
Massachusetts,Plymouth,2024,244,204,40,0,0,0,0,97,58,39,0,0,181,63,0,"Plymouth County, MA",41.9678,-70.8615
Massachusetts,Suffolk,2024,255,192,63,0,0,0,0,78,58,38,1,12,104,136,2,"Suffolk County, MA",42.301,-71.0926
Massachusetts,Worcester,2024,245,210,35,0,0,0,0,90,55,38,1,9,173,60,2,"Worcester County, MA",42.3658,-71.9578
Michigan,Allegan,2024,274,163,106,4,1,0,0,154,71,48,0,0,128,146,0,"Allegan County, MI",42.5942,-85.8847
Michigan,Bay,2024,271,203,68,0,0,0,0,73,56,39,0,0,0,271,0,"Bay County, MI",43.7384,-84.0552
Michigan,Benzie,2024,214,190,22,2,0,0,0,101,51,38,0,0,214,0,0,"Benzie County, MI",44.6464,-86.0352
Michigan,Berrien,2024,204,167,36,1,0,0,0,101,61,42,0,0,204,0,0,"Berrien County, MI",42.0019,-86.3892
Michigan,Cass,2024,214,170,43,1,0,0,0,108,61,42,0,0,214,0,0,"Cass County, MI",41.9156,-85.9918
Michigan,Clinton,2024,213,198,15,0,0,0,0,80,49,39,0,0,213,0,0,"Clinton County, MI",42.942,-84.6016
Michigan,Genesee,2024,274,197,76,1,0,0,0,119,61,43,0,0,150,124,0,"Genesee County, MI",43.0083,-83.6933
Michigan,Huron,2024,122,108,14,0,0,0,0,90,51,40,0,0,122,0,0,"Huron County, MI",43.8695,-83.0013
Michigan,Ingham,2024,182,141,41,0,0,0,0,85,58,40,0,2,113,67,0,"Ingham County, MI",42.5982,-84.3736
Michigan,Kalamazoo,2024,182,115,67,0,0,0,0,100,64,45,0,0,82,100,0,"Kalamazoo County, MI",42.2469,-85.5315
Michigan,Kent,2024,275,132,142,1,0,0,0,112,67,51,1,1,90,183,0,"Kent County, MI",43.0341,-85.5504
Michigan,Keweenaw,2024,20,20,0,0,0,0,0,49,38,12,0,0,0,20,0,"Keweenaw County, MI",47.3413,-88.198
Michigan,Lenawee,2024,182,121,61,0,0,0,0,87,62,44,0,0,94,88,0,"Lenawee County, MI",41.8957,-84.0658
Michigan,Macomb,2024,274,185,86,3,0,0,0,115,66,43,0,0,155,119,0,"Macomb County, MI",42.6525,-82.8989
Michigan,Manistee,2024,121,105,16,0,0,0,0,93,61,41,0,0,121,0,0,"Manistee County, MI",44.3411,-86.0462
Michigan,Marquette,2024,149,131,18,0,0,0,0,67,52,21,0,0,0,149,0,"Marquette County, MI",46.4541,-87.6166
Michigan,Mason,2024,213,191,22,0,0,0,0,97,51,37,0,0,213,0,0,"Mason County, MI",43.9975,-86.2606
Michigan,Missaukee,2024,273,249,24,0,0,0,0,84,50,37,0,0,238,35,0,"Missaukee County, MI",44.3375,-85.0957
Michigan,Muskegon,2024,212,174,34,4,0,0,0,122,61,40,0,0,212,0,0,"Muskegon County, MI",43.2957,-86.2106
Michigan,Oakland,2024,242,140,101,1,0,0,0,101,74,46,0,0,149,93,0,"Oakland County, MI",42.6613,-83.387
Michigan,Ottawa,2024,182,120,61,1,0,0,0,105,64,43,0,0,104,78,0,"Ottawa County, MI",42.9875,-86.0057
Michigan,Schoolcraft,2024,176,167,9,0,0,0,0,87,45,35,0,0,104,72,0,"Schoolcraft County, MI",46.1369,-86.1775
Michigan,St. Clair,2024,178,127,50,1,0,0,0,105,63,42,0,0,92,86,0,"St. Clair County, MI",42.8312,-82.6054
Michigan,Tuscola,2024,243,217,26,0,0,0,0,84,51,36,0,0,243,0,0,"Tuscola County, MI",43.4682,-83.4035
Michigan,Washtenaw,2024,244,183,61,0,0,0,0,87,62,42,0,0,172,72,0,"Washtenaw County, MI",42.2533,-83.8375
Michigan,Wayne,2024,275,112,158,4,1,0,0,152,71,53,1,0,63,211,0,"Wayne County, MI",42.2433,-83.3345
Michigan,Wexford,2024,243,228,15,0,0,0,0,80,49,37,0,0,243,0,0,"Wexford County, MI",44.3357,-85.5789
Minnesota,Anoka,2024,182,151,30,1,0,0,0,125,56,42,0,0,128,54,0,"Anoka County, MN",45.2255,-93.243
Minnesota,Becker,2024,182,170,11,0,1,0,0,152,47,36,0,0,113,69,0,"Becker County, MN",46.9277,-95.6682
Minnesota,Beltrami,2024,182,172,9,0,1,0,0,177,46,36,0,0,114,68,0,"Beltrami County, MN",47.9786,-94.8401
Minnesota,Carlton,2024,182,170,11,1,0,0,0,114,46,36,0,0,112,70,0,"Carlton County, MN",46.6091,-92.6775
Minnesota,Cass,2024,182,170,11,0,1,0,0,164,41,22,0,0,0,182,0,"Cass County, MN",46.8828,-94.2174
Minnesota,Cook,2024,178,174,3,1,0,0,0,138,27,13,0,0,0,178,0,"Cook County, MN",47.8562,-90.4756
Minnesota,Crow Wing,2024,182,158,23,1,0,0,0,137,54,38,0,0,115,67,0,"Crow Wing County, MN",46.4798,-94.0703
Minnesota,Dakota,2024,183,145,37,0,1,0,0,152,57,29,1,25,0,157,0,"Dakota County, MN",44.6986,-93.0252
Minnesota,Goodhue,2024,121,108,13,0,0,0,0,67,51,40,0,0,121,0,0,"Goodhue County, MN",44.455,-92.7349
Minnesota,Hennepin,2024,183,140,40,2,1,0,0,166,61,37,1,4,91,82,5,"Hennepin County, MN",45.012,-93.4873
Minnesota,Lake,2024,182,177,4,1,0,0,0,110,44,34,0,0,116,66,0,"Lake County, MN",47.5746,-91.4059
Minnesota,Lyon,2024,182,154,27,1,0,0,0,142,55,39,0,0,100,76,6,"Lyon County, MN",44.4074,-95.8367
Minnesota,Mille Lacs,2024,73,72,1,0,0,0,0,67,42,36,0,0,73,0,0,"Mille Lacs County, MN",45.9017,-93.6432
Minnesota,Olmsted,2024,182,149,32,0,1,0,0,155,56,41,0,0,104,78,0,"Olmsted County, MN",44.0156,-92.3784
Minnesota,Ramsey,2024,182,152,29,1,0,0,0,128,54,28,0,0,0,165,17,"Ramsey County, MN",45.0067,-93.0961
Minnesota,Saint Louis,2024,244,223,20,1,0,0,0,114,48,37,0,0,209,35,0,"Saint Louis County, MN",,
Minnesota,Scott,2024,182,136,45,1,0,0,0,138,62,42,0,0,92,90,0,"Scott County, MN",44.6795,-93.5028
Minnesota,Stearns,2024,182,151,31,0,0,0,0,97,54,39,0,0,106,76,0,"Stearns County, MN",45.5294,-94.6407
Minnesota,Washington,2024,121,116,5,0,0,0,0,58,46,36,0,0,121,0,0,"Washington County, MN",45.0213,-92.8735
Minnesota,Winona,2024,20,19,1,0,0,0,0,51,50,25,0,0,0,20,0,"Winona County, MN",44.0197,-91.795
Minnesota,Wright,2024,182,146,34,2,0,0,0,110,57,41,0,0,110,72,0,"Wright County, MN",45.2011,-93.9507
Mississippi,Bolivar,2024,274,181,93,0,0,0,0,98,58,45,0,0,89,185,0,"Bolivar County, MS",33.8258,-90.8562
Mississippi,DeSoto,2024,274,156,114,4,0,0,0,136,65,47,0,0,98,176,0,"DeSoto County, MS",34.8543,-89.963
Mississippi,Forrest,2024,271,174,97,0,0,0,0,76,59,43,0,0,0,271,0,"Forrest County, MS",31.1689,-89.2472
Mississippi,Hancock,2024,265,188,77,0,0,0,0,87,59,43,0,0,100,165,0,"Hancock County, MS",30.4115,-89.5108
Mississippi,Harrison,2024,269,183,83,3,0,0,0,115,62,44,0,0,127,142,0,"Harrison County, MS",30.4902,-89.1126
Mississippi,Hinds,2024,275,159,116,0,0,0,0,96,64,48,1,0,109,165,0,"Hinds County, MS",32.3116,-90.4249
Mississippi,Jackson,2024,272,180,92,0,0,0,0,93,60,44,0,0,114,158,0,"Jackson County, MS",30.5287,-88.6434
Mississippi,Lauderdale,2024,214,213,1,0,0,0,0,51,45,36,0,0,214,0,0,"Lauderdale County, MS",32.3986,-88.6626
Mississippi,Lee,2024,214,192,22,0,0,0,0,87,51,41,0,0,214,0,0,"Lee County, MS",34.2851,-88.685
Mississippi,Yalobusha,2024,235,223,12,0,0,0,0,74,48,39,0,0,235,0,0,"Yalobusha County, MS",34.0297,-89.7169
Missouri,Andrew,2024,126,111,15,0,0,0,0,74,51,44,0,0,126,0,0,"Andrew County, MO",39.9749,-94.8019
Missouri,Boone,2024,125,116,9,0,0,0,0,74,49,41,0,0,125,0,0,"Boone County, MO",38.9469,-92.3414
Missouri,Buchanan,2024,178,116,62,0,0,0,0,76,57,41,0,0,0,167,11,"Buchanan County, MO",39.6759,-94.8051
Missouri,Callaway,2024,128,121,7,0,0,0,0,64,50,41,0,0,128,0,0,"Callaway County, MO",38.8109,-91.8934
Missouri,Cass,2024,178,139,38,1,0,0,0,107,58,43,0,0,78,100,0,"Cass County, MO",38.6442,-94.364
Missouri,Cedar,2024,178,158,20,0,0,0,0,64,51,42,0,0,112,66,0,"Cedar County, MO",37.7342,-93.8397
Missouri,Clay,2024,178,139,38,1,0,0,0,108,61,44,0,0,110,68,0,"Clay County, MO",39.2858,-94.4063
Missouri,Clinton,2024,122,105,17,0,0,0,0,87,54,44,0,0,122,0,0,"Clinton County, MO",39.6007,-94.4041
Missouri,Greene,2024,179,113,66,0,0,0,0,82,61,45,0,0,76,103,0,"Greene County, MO",37.2588,-93.3336
Missouri,Jackson,2024,178,117,60,1,0,0,0,109,59,42,0,32,0,107,39,"Jackson County, MO",39.039,-94.3583
Missouri,Jasper,2024,178,148,30,0,0,0,0,99,54,42,0,0,110,0,68,"Jasper County, MO",37.2065,-94.3365
Missouri,Jefferson,2024,179,142,36,1,0,0,0,105,54,41,0,0,92,87,0,"Jefferson County, MO",38.2529,-90.5695
Missouri,Lincoln,2024,128,113,14,1,0,0,0,143,54,44,0,0,128,0,0,"Lincoln County, MO",39.0483,-90.9874
Missouri,Monroe,2024,178,174,4,0,0,0,0,84,45,37,0,1,177,0,0,"Monroe County, MO",39.5012,-92.0092
Missouri,Perry,2024,120,106,14,0,0,0,0,93,51,43,0,0,120,0,0,"Perry County, MO",37.7345,-89.8308
Missouri,Saint Charles,2024,129,92,36,1,0,0,0,129,67,44,0,0,129,0,0,"Saint Charles County, MO",,
Missouri,Saint Louis,2024,180,143,36,1,0,0,0,122,54,42,0,21,108,51,0,"Saint Louis County, MO",,
Missouri,Sainte Genevieve,2024,121,112,9,0,0,0,0,100,50,43,0,0,121,0,0,"Sainte Genevieve County, MO",,
Missouri,St. Louis City,2024,182,70,107,4,1,0,0,156,74,53,2,0,46,117,17,"St. Louis City County, MO",,
Missouri,Stoddard,2024,20,18,2,0,0,0,0,56,56,28,0,0,0,20,0,"Stoddard County, MO",36.8776,-89.9732
Missouri,Taney,2024,20,17,3,0,0,0,0,67,53,20,0,0,0,20,0,"Taney County, MO",36.6632,-93.0397
Montana,Beaverhead,2024,167,167,0,0,0,0,0,46,17,9,0,0,0,167,0,"Beaverhead County, MT",45.1549,-113.0231
Montana,Cascade,2024,87,52,35,0,0,0,0,74,58,46,0,0,0,87,0,"Cascade County, MT",47.266,-111.4165
Montana,Custer,2024,182,172,10,0,0,0,0,100,46,36,0,4,128,50,0,"Custer County, MT",46.3205,-105.5301
Montana,Dawson,2024,173,169,3,1,0,0,0,120,30,12,0,0,0,173,0,"Dawson County, MT",47.3283,-104.9234
Montana,Fergus,2024,182,173,9,0,0,0,0,64,48,41,0,0,161,21,0,"Fergus County, MT",47.2602,-109.3598
Montana,Flathead,2024,241,207,34,0,0,0,0,77,53,39,0,0,177,53,11,"Flathead County, MT",48.303,-114.0979
Montana,Gallatin,2024,245,212,33,0,0,0,0,84,55,22,10,8,0,227,0,"Gallatin County, MT",45.3376,-111.2056
Montana,Glacier,2024,162,156,6,0,0,0,0,99,38,21,0,0,0,162,0,"Glacier County, MT",48.6561,-112.9653
Montana,Hill,2024,176,173,2,1,0,0,0,123,32,16,0,0,0,176,0,"Hill County, MT",48.5696,-110.1276
Montana,Lake,2024,15,15,0,0,0,0,0,14,13,3,0,0,0,15,0,"Lake County, MT",47.597,-114.1349
Montana,Lewis and Clark,2024,183,130,52,1,0,0,0,116,64,44,1,0,122,60,0,"Lewis and Clark County, MT",47.1899,-112.5344
Montana,Lincoln,2024,182,119,63,0,0,0,0,99,67,39,0,0,0,181,1,"Lincoln County, MT",48.4634,-115.4496
Montana,Missoula,2024,182,127,55,0,0,0,0,92,64,42,0,0,100,82,0,"Missoula County, MT",47.1072,-113.9449
Montana,Phillips,2024,180,177,2,1,0,0,0,135,34,18,0,0,0,180,0,"Phillips County, MT",48.229,-107.8905
Montana,Powell,2024,20,19,1,0,0,0,0,53,22,9,0,0,0,20,0,"Powell County, MT",46.9379,-113.0493
Montana,Ravalli,2024,182,157,25,0,0,0,0,89,58,16,0,0,0,182,0,"Ravalli County, MT",46.0635,-114.1304
Montana,Richland,2024,182,174,7,1,0,0,0,115,45,36,0,0,125,53,4,"Richland County, MT",47.7521,-104.6391
Montana,Roosevelt,2024,19,18,1,0,0,0,0,56,48,12,0,0,0,19,0,"Roosevelt County, MT",48.2809,-104.9255
Montana,Rosebud,2024,20,20,0,0,0,0,0,14,12,7,0,0,0,20,0,"Rosebud County, MT",46.0242,-106.5653
Montana,Sanders,2024,180,170,10,0,0,0,0,65,43,22,0,0,0,91,89,"Sanders County, MT",47.6957,-115.1536
Montana,Sheridan,2024,19,18,1,0,0,0,0,53,43,11,0,0,0,19,0,"Sheridan County, MT",48.6974,-104.5431
Montana,Silver Bow,2024,182,150,32,0,0,0,0,95,56,26,0,0,0,167,15,"Silver Bow County, MT",45.9061,-112.6901
Montana,Teton,2024,149,147,2,0,0,0,0,65,24,12,0,0,0,149,0,"Teton County, MT",47.8179,-112.1627
Montana,Yellowstone,2024,175,158,17,0,0,0,0,64,50,38,0,4,125,46,0,"Yellowstone County, MT",45.9727,-108.3601
Nebraska,Cass,2024,232,217,15,0,0,0,0,68,44,18,0,0,0,0,232,"Cass County, NE",40.9287,-96.1512
Nebraska,Douglas,2024,275,178,96,1,0,0,0,101,62,45,1,0,158,112,4,"Douglas County, NE",41.2919,-96.1502
Nebraska,Gage,2024,249,176,73,0,0,0,0,70,57,37,0,0,0,249,0,"Gage County, NE",40.2659,-96.69
Nebraska,Hall,2024,266,193,73,0,0,0,0,80,57,36,0,0,0,266,0,"Hall County, NE",40.8731,-98.5022
Nebraska,Knox,2024,206,183,22,1,0,0,0,108,54,38,0,0,206,0,0,"Knox County, NE",42.662,-97.8954
Nebraska,Lancaster,2024,152,125,27,0,0,0,0,67,56,43,0,0,111,41,0,"Lancaster County, NE",40.7872,-96.6872
Nebraska,Sarpy,2024,257,195,61,1,0,0,0,110,57,36,0,0,0,257,0,"Sarpy County, NE",41.0929,-96.1005
Nebraska,Scotts Bluff,2024,246,226,20,0,0,0,0,88,46,11,0,0,0,246,0,"Scotts Bluff County, NE",41.8509,-103.7073
Nebraska,Washington,2024,269,207,62,0,0,0,0,81,57,33,0,0,0,269,0,"Washington County, NE",41.5376,-96.2688
Nevada,Carson City,2024,182,146,35,1,0,0,0,105,58,44,0,0,160,22,0,"Carson City County, NV",,
Nevada,Churchill,2024,182,152,29,1,0,0,0,105,54,44,0,0,182,0,0,"Churchill County, NV",39.5395,-118.2919
Nevada,Clark,2024,275,68,169,37,1,0,0,170,105,67,1,0,224,41,9,"Clark County, NV",35.933,-115.2601
Nevada,Douglas,2024,162,153,9,0,0,0,0,76,40,22,0,0,0,162,0,"Douglas County, NV",38.8267,-119.5856
Nevada,Elko,2024,182,182,0,0,0,0,0,43,26,12,0,0,0,0,182,"Elko County, NV",41.0619,-115.5301
Nevada,Lyon,2024,180,162,18,0,0,0,0,90,51,42,0,0,180,0,0,"Lyon County, NV",39.0782,-119.0327
Nevada,Nye,2024,182,173,9,0,0,0,0,89,40,19,0,0,0,0,182,"Nye County, NV",37.5883,-116.5304
Nevada,Washoe,2024,244,128,113,3,0,0,0,108,77,50,1,2,211,30,0,"Washoe County, NV",40.5919,-119.6547
Nevada,White Pine,2024,244,165,77,2,0,0,0,105,71,46,0,0,244,0,0,"White Pine County, NV",39.4098,-114.9774
New Hampshire,Belknap,2024,182,171,11,0,0,0,0,74,48,36,0,0,115,67,0,"Belknap County, NH",43.5256,-71.4326
New Hampshire,Cheshire,2024,182,152,30,0,0,0,0,93,55,38,0,0,132,50,0,"Cheshire County, NH",42.9472,-72.2973
New Hampshire,Coos,2024,183,156,27,0,0,0,0,87,54,42,1,0,182,0,0,"Coos County, NH",44.6987,-71.3169
New Hampshire,Grafton,2024,244,231,13,0,0,0,0,80,45,35,0,0,218,26,0,"Grafton County, NH",43.9691,-71.7378
New Hampshire,Hillsborough,2024,183,165,18,0,0,0,0,97,50,38,1,0,177,5,0,"Hillsborough County, NH",42.953,-71.7203
New Hampshire,Merrimack,2024,122,113,9,0,0,0,0,74,48,39,0,0,122,0,0,"Merrimack County, NH",43.3128,-71.686
New Hampshire,Rockingham,2024,183,163,19,1,0,0,0,122,51,40,1,0,157,25,0,"Rockingham County, NH",43.0068,-71.068
New Jersey,Atlantic,2024,182,160,22,0,0,0,0,66,52,33,0,0,99,83,0,"Atlantic County, NJ",39.5098,-74.6941
New Jersey,Bergen,2024,183,140,39,3,1,0,0,156,59,41,1,46,88,48,0,"Bergen County, NJ",40.9485,-74.0323
New Jersey,Camden,2024,182,112,70,0,0,0,0,97,63,44,0,7,94,81,0,"Camden County, NJ",39.8025,-74.9898
New Jersey,Cumberland,2024,178,151,27,0,0,0,0,100,52,39,0,3,141,34,0,"Cumberland County, NJ",39.3728,-75.124
New Jersey,Gloucester,2024,182,131,48,3,0,0,0,129,67,42,0,0,117,65,0,"Gloucester County, NJ",39.6999,-75.1442
New Jersey,Hudson,2024,183,134,46,2,1,0,0,151,62,42,1,40,82,60,0,"Hudson County, NJ",40.7337,-74.0641
New Jersey,Hunterdon,2024,182,135,47,0,0,0,0,100,63,41,0,0,125,57,0,"Hunterdon County, NJ",40.5639,-74.9125
New Jersey,Mercer,2024,243,165,73,5,0,0,0,133,74,44,0,0,179,64,0,"Mercer County, NJ",40.2809,-74.6827
New Jersey,Middlesex,2024,182,149,30,3,0,0,0,122,57,37,0,9,135,38,0,"Middlesex County, NJ",40.4306,-74.4006
New Jersey,Monmouth,2024,137,129,7,1,0,0,0,119,48,37,0,0,137,0,0,"Monmouth County, NJ",40.2791,-74.1884
New Jersey,Morris,2024,182,151,30,1,0,0,0,105,58,37,0,2,157,23,0,"Morris County, NJ",40.8677,-74.5721
New Jersey,Ocean,2024,182,142,39,1,0,0,0,115,61,42,0,0,121,61,0,"Ocean County, NJ",39.8409,-74.2864
New Jersey,Passaic,2024,182,137,44,1,0,0,0,119,60,39,0,0,99,83,0,"Passaic County, NJ",41.0117,-74.308
New Jersey,Union,2024,183,112,71,0,0,0,0,85,61,44,1,43,0,139,0,"Union County, NJ",40.6656,-74.2739
New Jersey,Warren,2024,175,136,37,2,0,0,0,108,58,38,0,19,110,46,0,"Warren County, NJ",40.8438,-74.9606
New Mexico,Bernalillo,2024,275,83,163,25,1,1,2,443,101,61,1,2,197,44,31,"Bernalillo County, NM",35.0448,-106.677
New Mexico,Catron,2024,20,20,0,0,0,0,0,10,9,6,0,0,0,20,0,"Catron County, NM",33.9034,-108.3815
New Mexico,Chaves,2024,20,16,4,0,0,0,0,62,58,23,0,0,0,20,0,"Chaves County, NM",33.3103,-104.326
New Mexico,Dona Ana,2024,182,62,104,8,2,2,4,692,97,58,0,2,92,56,32,"Dona Ana County, NM",32.4252,-106.8378
New Mexico,Eddy,2024,244,108,106,27,3,0,0,172,101,54,0,0,242,2,0,"Eddy County, NM",32.4808,-104.2872
New Mexico,Lea,2024,180,126,54,0,0,0,0,93,71,44,0,0,146,34,0,"Lea County, NM",32.7925,-103.4398
New Mexico,Lincoln,2024,20,20,0,0,0,0,0,26,18,7,0,0,0,20,0,"Lincoln County, NM",33.7438,-105.472
New Mexico,Los Alamos,2024,20,20,0,0,0,0,0,16,14,9,0,0,0,20,0,"Los Alamos County, NM",35.8672,-106.324
New Mexico,Luna,2024,182,170,10,1,1,0,0,153,39,15,0,0,0,0,182,"Luna County, NM",32.1966,-107.7641
New Mexico,Rio Arriba,2024,179,113,63,3,0,0,0,108,80,48,0,0,179,0,0,"Rio Arriba County, NM",36.4672,-106.7823
New Mexico,San Juan,2024,272,165,99,8,0,0,0,108,87,47,0,2,269,0,1,"San Juan County, NM",36.5045,-108.3355
New Mexico,Sandoval,2024,182,142,40,0,0,0,0,87,67,44,0,0,182,0,0,"Sandoval County, NM",35.7068,-106.7786
New Mexico,Santa Fe,2024,180,126,54,0,0,0,0,93,74,45,0,0,177,3,0,"Santa Fe County, NM",35.5163,-105.9833
New Mexico,Socorro,2024,20,20,0,0,0,0,0,26,19,7,0,0,0,20,0,"Socorro County, NM",34.0443,-106.8211
New Mexico,Taos,2024,181,181,0,0,0,0,0,46,31,14,0,0,0,181,0,"Taos County, NM",36.5058,-105.6413
New Mexico,Valencia,2024,179,166,13,0,0,0,0,84,50,41,0,0,179,0,0,"Valencia County, NM",34.697,-106.835
New York,Albany,2024,274,203,71,0,0,0,0,100,62,38,0,0,155,119,0,"Albany County, NY",42.6169,-73.977
New York,Bronx,2024,275,176,97,2,0,0,0,150,71,44,1,17,143,114,0,"Bronx County, NY",40.856,-73.8664
New York,Chautauqua,2024,273,241,31,1,0,0,0,105,54,38,0,0,266,7,0,"Chautauqua County, NY",42.2858,-79.3876
New York,Dutchess,2024,274,249,20,4,1,0,0,151,50,37,0,0,274,0,0,"Dutchess County, NY",41.7622,-73.728
New York,Erie,2024,304,207,96,1,0,0,0,105,61,42,0,6,140,157,1,"Erie County, NY",42.7691,-78.6668
New York,Essex,2024,274,224,50,0,0,0,0,80,58,42,0,0,242,32,0,"Essex County, NY",44.1475,-73.7487
New York,Hamilton,2024,263,255,8,0,0,0,0,74,44,35,0,0,263,0,0,"Hamilton County, NY",43.6856,-74.505
New York,Jefferson,2024,273,264,9,0,0,0,0,80,44,33,0,0,273,0,0,"Jefferson County, NY",44.0407,-75.8085
New York,Kings,2024,274,181,93,0,0,0,0,89,62,40,0,0,0,274,0,"Kings County, NY",40.6553,-73.9391
New York,Monroe,2024,275,195,80,0,0,0,0,90,58,39,1,1,114,159,0,"Monroe County, NY",43.1531,-77.6857
New York,New York,2024,275,182,90,3,0,0,0,150,71,43,1,0,157,117,0,"New York County, NY",40.7882,-73.9605
New York,Niagara,2024,223,201,21,1,0,0,0,105,50,37,0,0,223,0,0,"Niagara County, NY",43.1973,-78.7555
New York,Oneida,2024,257,216,41,0,0,0,0,68,53,27,0,0,0,257,0,"Oneida County, NY",43.2406,-75.4975
New York,Onondaga,2024,273,231,42,0,0,0,0,84,54,38,0,0,195,78,0,"Onondaga County, NY",43.0228,-76.2029
New York,Orange,2024,264,225,39,0,0,0,0,79,53,27,0,0,0,264,0,"Orange County, NY",41.3876,-74.3315
New York,Oswego,2024,271,266,5,0,0,0,0,61,44,33,0,0,271,0,0,"Oswego County, NY",43.4316,-76.2142
New York,Putnam,2024,273,248,18,7,0,0,0,136,49,35,0,0,273,0,0,"Putnam County, NY",41.4237,-73.7555
New York,Queens,2024,275,158,115,2,0,0,0,112,71,46,1,16,118,140,0,"Queens County, NY",40.7043,-73.8196
New York,Richmond,2024,273,222,48,3,0,0,0,140,57,37,0,0,189,84,0,"Richmond County, NY",40.5726,-74.1446
New York,Rockland,2024,274,221,48,5,0,0,0,150,58,39,0,0,214,60,0,"Rockland County, NY",41.1589,-74.0653
New York,Saratoga,2024,267,256,11,0,0,0,0,84,46,33,0,0,267,0,0,"Saratoga County, NY",43.0872,-73.8458
New York,Steuben,2024,275,236,39,0,0,0,0,68,53,38,1,0,216,58,0,"Steuben County, NY",42.2995,-77.4184
New York,Suffolk,2024,275,232,38,5,0,0,0,133,61,39,1,5,262,7,0,"Suffolk County, NY",40.9086,-72.9176
New York,Tompkins,2024,240,232,8,0,0,0,0,71,47,36,0,0,240,0,0,"Tompkins County, NY",42.4439,-76.4727
New York,Wayne,2024,272,258,14,0,0,0,0,87,47,35,0,0,272,0,0,"Wayne County, NY",43.1793,-77.0416
New York,Westchester,2024,274,219,49,6,0,0,0,143,64,38,0,0,215,59,0,"Westchester County, NY",41.1249,-73.7718
North Carolina,Alexander,2024,214,183,31,0,0,0,0,93,54,41,0,0,214,0,0,"Alexander County, NC",35.9161,-81.181
North Carolina,Avery,2024,230,213,17,0,0,0,0,90,49,39,0,0,210,20,0,"Avery County, NC",36.0994,-81.9277
North Carolina,Buncombe,2024,274,221,53,0,0,0,0,81,54,40,0,0,165,109,0,"Buncombe County, NC",35.6207,-82.5391
North Carolina,Caldwell,2024,210,194,16,0,0,0,0,87,50,40,0,0,210,0,0,"Caldwell County, NC",35.9399,-81.5596
North Carolina,Carteret,2024,243,236,7,0,0,0,0,71,46,37,0,0,243,0,0,"Carteret County, NC",34.8384,-76.6488
North Carolina,Caswell,2024,213,194,19,0,0,0,0,84,50,39,0,0,213,0,0,"Caswell County, NC",36.3928,-79.3352
North Carolina,Catawba,2024,174,118,56,0,0,0,0,93,58,42,0,0,0,174,0,"Catawba County, NC",35.6888,-81.2042
North Carolina,Cumberland,2024,274,195,78,1,0,0,0,110,61,44,0,0,178,95,1,"Cumberland County, NC",35.051,-78.8717
North Carolina,Davidson,2024,178,126,52,0,0,0,0,89,59,39,0,0,0,178,0,"Davidson County, NC",35.7656,-80.2531
North Carolina,Durham,2024,273,151,122,0,0,0,0,97,61,47,0,0,129,144,0,"Durham County, NC",36.0511,-78.8681
North Carolina,Edgecombe,2024,264,235,29,0,0,0,0,80,51,37,0,0,177,87,0,"Edgecombe County, NC",35.9136,-77.578
North Carolina,Forsyth,2024,244,134,106,4,0,0,0,122,74,49,0,3,127,114,0,"Forsyth County, NC",36.1176,-80.2522
North Carolina,Graham,2024,203,157,46,0,0,0,0,90,61,45,0,0,203,0,0,"Graham County, NC",35.342,-83.8333
North Carolina,Granville,2024,214,176,37,1,0,0,0,101,64,42,0,0,214,0,0,"Granville County, NC",36.2968,-78.6558
North Carolina,Guilford,2024,274,203,70,1,0,0,0,122,59,43,0,0,173,91,10,"Guilford County, NC",36.0738,-79.7901
North Carolina,Haywood,2024,233,176,56,1,0,0,0,101,61,46,0,0,214,19,0,"Haywood County, NC",35.5419,-82.9658
North Carolina,Hyde,2024,19,19,0,0,0,0,0,36,34,19,0,0,0,19,0,"Hyde County, NC",35.5164,-76.2309
North Carolina,Johnston,2024,272,214,58,0,0,0,0,84,60,42,0,0,172,100,0,"Johnston County, NC",35.5376,-78.3875
North Carolina,Lenoir,2024,274,261,13,0,0,0,0,77,47,34,0,0,214,0,60,"Lenoir County, NC",35.2179,-77.6761
North Carolina,Lincoln,2024,212,192,20,0,0,0,0,80,50,40,0,0,212,0,0,"Lincoln County, NC",35.485,-81.2181
North Carolina,Macon,2024,242,228,14,0,0,0,0,71,47,37,0,0,242,0,0,"Macon County, NC",35.1625,-83.4796
North Carolina,Martin,2024,214,213,1,0,0,0,0,61,44,33,0,0,214,0,0,"Martin County, NC",35.8669,-77.195
North Carolina,Mecklenburg,2024,275,133,138,3,1,0,0,156,67,51,1,0,117,157,0,"Mecklenburg County, NC",35.2586,-80.831
North Carolina,Mitchell,2024,179,153,26,0,0,0,0,83,53,26,0,0,0,179,0,"Mitchell County, NC",35.9917,-82.1267
North Carolina,Montgomery,2024,243,187,56,0,0,0,0,83,57,41,0,0,155,88,0,"Montgomery County, NC",35.3237,-79.8985
North Carolina,New Hanover,2024,274,232,42,0,0,0,0,97,54,38,0,0,172,102,0,"New Hanover County, NC",34.159,-77.8974
North Carolina,Northampton,2024,213,177,36,0,0,0,0,82,53,27,0,36,0,177,0,"Northampton County, NC",36.3559,-77.3693
North Carolina,Person,2024,212,194,18,0,0,0,0,77,50,40,0,0,212,0,0,"Person County, NC",36.3907,-78.9725
North Carolina,Pitt,2024,274,245,29,0,0,0,0,74,52,38,0,0,187,87,0,"Pitt County, NC",35.5808,-77.3685
North Carolina,Rockingham,2024,214,178,36,0,0,0,0,100,61,44,0,0,214,0,0,"Rockingham County, NC",36.3943,-79.7777
North Carolina,Rowan,2024,271,210,61,0,0,0,0,97,59,42,0,1,193,77,0,"Rowan County, NC",35.6834,-80.5507
North Carolina,Swain,2024,272,238,34,0,0,0,0,83,52,38,0,0,172,100,0,"Swain County, NC",35.4872,-83.5969
North Carolina,Union,2024,214,183,31,0,0,0,0,97,58,41,0,0,214,0,0,"Union County, NC",35.0113,-80.5626
North Carolina,Wake,2024,274,196,77,1,0,0,0,112,61,42,0,0,186,88,0,"Wake County, NC",35.798,-78.6094
North Carolina,Yancey,2024,204,167,37,0,0,0,0,84,58,44,0,0,204,0,0,"Yancey County, NC",35.8917,-82.2975
North Dakota,Billings,2024,274,217,47,9,1,0,0,172,64,40,0,0,209,65,0,"Billings County, ND",46.9806,-103.3627
North Dakota,Burke,2024,274,224,41,8,1,0,0,178,60,39,0,0,194,75,5,"Burke County, ND",48.7725,-102.546
North Dakota,Burleigh,2024,275,190,75,9,1,0,0,174,67,42,1,1,154,115,4,"Burleigh County, ND",46.9823,-100.5255
North Dakota,Cass,2024,274,211,61,1,1,0,0,158,59,40,0,0,153,121,0,"Cass County, ND",46.9355,-97.2363
North Dakota,Dunn,2024,273,220,45,5,3,0,0,157,64,39,0,0,194,78,1,"Dunn County, ND",47.4051,-102.6524
North Dakota,McKenzie,2024,274,215,51,6,2,0,0,172,64,40,0,0,207,67,0,"McKenzie County, ND",47.7125,-103.3429
North Dakota,Mercer,2024,274,223,45,4,2,0,0,167,60,38,0,0,189,85,0,"Mercer County, ND",47.2786,-101.7146
North Dakota,Oliver,2024,274,214,53,5,2,0,0,162,63,39,0,0,189,85,0,"Oliver County, ND",47.1388,-101.3546
North Dakota,Ward,2024,274,217,48,7,2,0,0,152,63,39,0,0,168,106,0,"Ward County, ND",48.3313,-101.4681
Ohio,Allen,2024,274,200,74,0,0,0,0,97,61,43,0,0,171,103,0,"Allen County, OH",40.7849,-84.1386
Ohio,Ashtabula,2024,214,177,35,2,0,0,0,108,61,41,0,0,214,0,0,"Ashtabula County, OH",41.7343,-80.7618
Ohio,Athens,2024,272,247,25,0,0,0,0,64,49,28,0,0,0,272,0,"Athens County, OH",39.3556,-82.0716
Ohio,Belmont,2024,274,214,60,0,0,0,0,77,56,29,0,87,0,168,19,"Belmont County, OH",40.0117,-80.9866
Ohio,Butler,2024,274,113,158,3,0,0,0,122,71,53,0,0,93,180,1,"Butler County, OH",39.444,-84.5771
Ohio,Clark,2024,274,173,98,3,0,0,0,133,64,46,0,0,131,143,0,"Clark County, OH",39.9034,-83.798
Ohio,Clermont,2024,273,225,45,3,0,0,0,119,58,41,0,0,203,70,0,"Clermont County, OH",39.0193,-84.1685
Ohio,Clinton,2024,211,153,54,4,0,0,0,112,67,44,0,0,211,0,0,"Clinton County, OH",39.3883,-83.792
Ohio,Columbiana,2024,48,48,0,0,0,0,0,34,19,12,0,0,0,0,48,"Columbiana County, OH",40.7609,-80.8031
Ohio,Cuyahoga,2024,275,91,178,6,0,0,0,122,84,55,1,1,92,173,8,"Cuyahoga County, OH",41.4559,-81.6805
Ohio,Delaware,2024,242,200,41,1,0,0,0,105,61,42,0,0,242,0,0,"Delaware County, OH",40.2856,-82.9997
Ohio,Franklin,2024,306,120,182,4,0,0,0,118,74,54,1,1,99,183,22,"Franklin County, OH",39.9693,-83.013
Ohio,Geauga,2024,211,170,40,1,0,0,0,101,64,42,0,0,211,0,0,"Geauga County, OH",41.5288,-81.1969
Ohio,Greene,2024,203,170,32,1,0,0,0,119,61,43,0,0,203,0,0,"Greene County, OH",39.7007,-83.8803
Ohio,Hamilton,2024,275,118,146,11,0,0,0,140,74,52,1,5,115,154,0,"Hamilton County, OH",39.1671,-84.5575
Ohio,Jefferson,2024,274,166,108,0,0,0,0,93,66,46,0,0,144,130,0,"Jefferson County, OH",40.3772,-80.7422
Ohio,Knox,2024,245,208,36,1,0,0,0,101,54,41,0,0,245,0,0,"Knox County, OH",40.4047,-82.4144
Ohio,Lake,2024,273,199,70,4,0,0,0,136,71,41,0,0,185,88,0,"Lake County, OH",41.7107,-81.2423
Ohio,Lawrence,2024,274,195,79,0,0,0,0,84,58,44,0,0,150,123,1,"Lawrence County, OH",38.6267,-82.5576
Ohio,Licking,2024,245,205,40,0,0,0,0,100,58,42,0,0,245,0,0,"Licking County, OH",40.0935,-82.4778
Ohio,Lorain,2024,214,185,29,0,0,0,0,74,54,40,0,0,214,0,0,"Lorain County, OH",41.2889,-82.1103
Ohio,Lucas,2024,274,114,156,4,0,0,0,119,77,53,0,0,124,150,0,"Lucas County, OH",41.5756,-83.7457
Ohio,Madison,2024,245,203,42,0,0,0,0,100,61,44,0,0,245,0,0,"Madison County, OH",39.9016,-83.3992
Ohio,Mahoning,2024,274,174,100,0,0,0,0,93,64,45,0,0,137,137,0,"Mahoning County, OH",41.0189,-80.7594
Ohio,Medina,2024,274,169,105,0,0,0,0,100,67,46,0,0,149,125,0,"Medina County, OH",41.132,-81.9285
Ohio,Miami,2024,214,170,43,1,0,0,0,101,61,44,0,0,214,0,0,"Miami County, OH",40.0366,-84.2325
Ohio,Montgomery,2024,274,160,110,4,0,0,0,147,68,48,0,0,149,124,1,"Montgomery County, OH",39.7534,-84.2913
Ohio,Noble,2024,235,189,46,0,0,0,0,90,67,42,0,0,226,9,0,"Noble County, OH",39.7635,-81.5073
Ohio,Portage,2024,214,161,51,2,0,0,0,108,71,44,0,0,214,0,0,"Portage County, OH",41.1683,-81.1975
Ohio,Preble,2024,275,179,96,0,0,0,0,100,61,45,1,0,147,127,0,"Preble County, OH",39.7357,-84.648
Ohio,Scioto,2024,274,182,92,0,0,0,0,80,61,41,0,0,0,268,6,"Scioto County, OH",38.7957,-82.9618
Ohio,Stark,2024,275,144,131,0,0,0,0,93,67,49,0,0,111,164,0,"Stark County, OH",40.8122,-81.3675
Ohio,Summit,2024,249,160,88,1,0,0,0,105,77,46,0,0,154,95,0,"Summit County, OH",41.1313,-81.5397
Ohio,Trumbull,2024,274,166,108,0,0,0,0,97,67,46,0,0,131,143,0,"Trumbull County, OH",41.3199,-80.7604
Ohio,Warren,2024,273,191,76,6,0,0,0,147,67,44,0,0,187,86,0,"Warren County, OH",39.4248,-84.1653
Ohio,Washington,2024,213,185,28,0,0,0,0,90,54,41,0,0,213,0,0,"Washington County, OH",39.4311,-81.5158
Ohio,Wood,2024,214,172,41,1,0,0,0,101,61,42,0,0,214,0,0,"Wood County, OH",41.3911,-83.6498
Oklahoma,Adair,2024,182,98,80,4,0,0,0,138,64,47,0,0,63,119,0,"Adair County, OK",35.9006,-94.6623
Oklahoma,Canadian,2024,213,162,45,6,0,0,0,119,74,44,0,0,213,0,0,"Canadian County, OK",35.5264,-97.9889
Oklahoma,Carter,2024,274,152,112,10,0,0,0,140,74,49,0,0,141,133,0,"Carter County, OK",34.2927,-97.248
Oklahoma,Cleveland,2024,274,125,142,7,0,0,0,126,76,52,0,0,143,131,0,"Cleveland County, OK",35.152,-97.2848
Oklahoma,Comanche,2024,270,175,90,5,0,0,0,133,77,44,0,0,147,123,0,"Comanche County, OK",34.6414,-98.4841
Oklahoma,Creek,2024,205,151,50,3,1,0,0,179,71,44,0,0,205,0,0,"Creek County, OK",35.9083,-96.3245
Oklahoma,Dewey,2024,274,150,119,5,0,0,0,112,74,49,0,0,148,126,0,"Dewey County, OK",35.9926,-99.0086
Oklahoma,Grant,2024,20,19,1,0,0,0,0,77,38,18,0,0,0,20,0,"Grant County, OK",36.8036,-97.7862
Oklahoma,Jefferson,2024,236,190,44,2,0,0,0,108,61,43,0,0,236,0,0,"Jefferson County, OK",34.0703,-97.8401
Oklahoma,Johnston,2024,199,150,48,1,0,0,0,105,71,44,0,0,199,0,0,"Johnston County, OK",34.3082,-96.6703
Oklahoma,Kay,2024,264,156,103,4,1,0,0,193,62,44,0,0,0,264,0,"Kay County, OK",36.8036,-97.1074
Oklahoma,Mayes,2024,127,116,11,0,0,0,0,80,50,41,0,0,127,0,0,"Mayes County, OK",36.2892,-95.2206
Oklahoma,McClain,2024,202,122,71,9,0,0,0,129,80,47,0,0,202,0,0,"McClain County, OK",35.0959,-97.5356
Oklahoma,Oklahoma,2024,275,122,145,8,0,0,0,136,74,52,1,3,134,136,1,"Oklahoma County, OK",35.553,-97.4075
Oklahoma,Osage,2024,229,176,50,3,0,0,0,112,71,44,0,0,229,0,0,"Osage County, OK",36.5814,-96.4481
Oklahoma,Ottawa,2024,213,104,108,0,0,1,0,288,69,51,0,0,45,164,4,"Ottawa County, OK",36.8405,-94.8089
Oklahoma,Pittsburg,2024,272,150,120,2,0,0,0,102,66,48,0,0,96,176,0,"Pittsburg County, OK",34.9475,-95.7985
Oklahoma,Pontotoc,2024,290,208,81,1,0,0,0,101,63,43,0,0,184,105,1,"Pontotoc County, OK",34.7367,-96.6696
Oklahoma,Sequoyah,2024,211,133,78,0,0,0,0,97,59,45,0,0,43,168,0,"Sequoyah County, OK",35.4655,-94.7664
Oklahoma,Tulsa,2024,275,121,146,8,0,0,0,140,77,52,1,0,143,130,1,"Tulsa County, OK",36.1403,-96.0299
Oklahoma,Washington,2024,243,132,105,5,1,0,0,156,72,49,0,0,145,98,0,"Washington County, OK",36.7061,-95.9052
Oregon,Baker,2024,182,174,8,0,0,0,0,67,38,20,0,0,0,182,0,"Baker County, OR",44.6697,-117.7972
Oregon,Clackamas,2024,182,176,6,0,0,0,0,77,43,21,0,0,62,120,0,"Clackamas County, OR",45.1741,-122.2447
Oregon,Columbia,2024,182,182,0,0,0,0,0,47,36,24,0,0,62,120,0,"Columbia County, OR",45.9577,-123.0865
Oregon,Crook,2024,274,228,40,4,2,0,0,169,59,20,0,0,0,274,0,"Crook County, OR",44.1294,-120.3221
Oregon,Deschutes,2024,267,201,53,7,6,0,0,176,75,36,0,0,51,216,0,"Deschutes County, OR",44.0035,-121.4056
Oregon,Grant,2024,182,120,62,0,0,0,0,88,63,33,0,0,0,182,0,"Grant County, OR",44.4798,-119.009
Oregon,Harney,2024,274,165,83,6,16,4,0,271,97,39,0,0,0,274,0,"Harney County, OR",43.0263,-119.0802
Oregon,Jackson,2024,274,215,57,1,1,0,0,152,60,39,0,0,58,216,0,"Jackson County, OR",42.5019,-122.7562
Oregon,Jefferson,2024,182,166,16,0,0,0,0,62,48,21,0,0,0,182,0,"Jefferson County, OR",44.6083,-121.0936
Oregon,Josephine,2024,274,235,39,0,0,0,0,97,53,27,0,0,0,274,0,"Josephine County, OR",42.3912,-123.6336
Oregon,Klamath,2024,274,217,48,7,2,0,0,164,62,31,0,0,0,274,0,"Klamath County, OR",42.8067,-121.8166
Oregon,Lake,2024,274,225,45,3,1,0,0,151,58,27,0,0,0,274,0,"Lake County, OR",42.8178,-120.6468
Oregon,Lane,2024,274,179,81,8,5,1,0,216,74,41,0,0,81,193,0,"Lane County, OR",43.8651,-122.7483
Oregon,Linn,2024,182,170,12,0,0,0,0,64,44,24,0,0,0,182,0,"Linn County, OR",44.4967,-122.5258
Oregon,Marion,2024,274,245,29,0,0,0,0,79,51,28,0,0,60,214,0,"Marion County, OR",44.9852,-122.8053
Oregon,Multnomah,2024,274,252,22,0,0,0,0,83,47,31,0,1,141,132,0,"Multnomah County, OR",45.5805,-122.6646
Oregon,Umatilla,2024,182,157,25,0,0,0,0,86,54,33,0,0,62,120,0,"Umatilla County, OR",45.5072,-118.6314
Oregon,Union,2024,182,179,3,0,0,0,0,63,36,18,0,0,0,181,1,"Union County, OR",45.401,-118.046
Oregon,Wallowa,2024,171,168,3,0,0,0,0,53,30,16,0,0,0,171,0,"Wallowa County, OR",45.5415,-117.127
Oregon,Wasco,2024,180,165,15,0,0,0,0,75,44,19,0,0,0,180,0,"Wasco County, OR",45.2651,-121.2515
Oregon,Washington,2024,274,259,15,0,0,0,0,87,44,30,0,2,121,151,0,"Washington County, OR",45.5492,-123.104
Pennsylvania,Adams,2024,245,144,98,3,0,0,0,131,69,46,3,0,171,71,0,"Adams County, PA",39.8953,-77.2259
Pennsylvania,Allegheny,2024,183,93,89,1,0,0,0,103,74,50,1,0,82,100,0,"Allegheny County, PA",40.4317,-80.0043
Pennsylvania,Armstrong,2024,182,138,44,0,0,0,0,100,58,41,0,0,119,63,0,"Armstrong County, PA",40.8485,-79.4535
Pennsylvania,Beaver,2024,182,107,75,0,0,0,0,100,68,46,0,0,100,82,0,"Beaver County, PA",40.6657,-80.3336
Pennsylvania,Berks,2024,182,126,54,2,0,0,0,105,62,43,0,0,119,63,0,"Berks County, PA",40.4065,-75.9294
Pennsylvania,Blair,2024,182,159,23,0,0,0,0,74,54,36,0,0,113,69,0,"Blair County, PA",40.4934,-78.3483
Pennsylvania,Bradford,2024,179,139,40,0,0,0,0,74,55,39,0,0,110,69,0,"Bradford County, PA",41.7731,-76.5107
Pennsylvania,Bucks,2024,174,143,27,4,0,0,0,150,61,38,0,0,174,0,0,"Bucks County, PA",40.3311,-75.1338
Pennsylvania,Cambria,2024,244,205,39,0,0,0,0,87,55,35,64,0,104,76,0,"Cambria County, PA",40.485,-78.7333
Pennsylvania,Centre,2024,238,192,46,0,0,0,0,93,61,42,0,1,207,30,0,"Centre County, PA",40.9728,-77.8043
Pennsylvania,Chester,2024,180,134,44,2,0,0,0,119,61,41,0,0,112,68,0,"Chester County, PA",39.9818,-75.7096
Pennsylvania,Cumberland,2024,174,130,44,0,0,0,0,93,58,34,0,0,0,174,0,"Cumberland County, PA",40.1368,-77.3185
Pennsylvania,Dauphin,2024,182,112,68,2,0,0,0,105,71,46,0,0,92,90,0,"Dauphin County, PA",40.3906,-76.8372
Pennsylvania,Delaware,2024,182,128,53,1,0,0,0,108,62,43,0,4,80,98,0,"Delaware County, PA",39.9362,-75.3767
Pennsylvania,Elk,2024,237,224,13,0,0,0,0,67,48,36,0,0,237,0,0,"Elk County, PA",41.4107,-78.757
Pennsylvania,Erie,2024,245,210,35,0,0,0,0,93,54,36,63,1,125,56,0,"Erie County, PA",42.0598,-80.0158
Pennsylvania,Fayette,2024,182,142,40,0,0,0,0,93,57,43,0,0,127,55,0,"Fayette County, PA",39.9324,-79.6546
Pennsylvania,Franklin,2024,175,171,4,0,0,0,0,61,44,34,0,0,175,0,0,"Franklin County, PA",40.0059,-77.7068
Pennsylvania,Greene,2024,172,140,32,0,0,0,0,87,56,41,0,0,116,56,0,"Greene County, PA",39.871,-80.2239
Pennsylvania,Indiana,2024,178,153,25,0,0,0,0,87,56,38,0,0,113,65,0,"Indiana County, PA",40.6373,-79.0962
Pennsylvania,Lackawanna,2024,232,215,17,0,0,0,0,97,47,32,50,26,156,0,0,"Lackawanna County, PA",41.4017,-75.6407
Pennsylvania,Lancaster,2024,182,93,86,3,0,0,0,125,72,50,0,0,83,99,0,"Lancaster County, PA",40.0187,-76.2339
Pennsylvania,Lawrence,2024,31,31,0,0,0,0,0,31,29,24,0,0,31,0,0,"Lawrence County, PA",40.9905,-80.3418
Pennsylvania,Lebanon,2024,182,120,60,2,0,0,0,108,65,43,0,0,94,88,0,"Lebanon County, PA",40.3762,-76.4439
Pennsylvania,Lehigh,2024,181,140,41,0,0,0,0,90,58,38,0,0,108,73,0,"Lehigh County, PA",40.6036,-75.584
Pennsylvania,Lycoming,2024,182,136,46,0,0,0,0,93,61,41,0,0,132,50,0,"Lycoming County, PA",41.3309,-77.0538
Pennsylvania,Mercer,2024,243,189,54,0,0,0,0,97,58,41,0,0,190,53,0,"Mercer County, PA",41.279,-80.2594
Pennsylvania,Monroe,2024,177,155,21,1,0,0,0,119,54,37,0,0,177,0,0,"Monroe County, PA",41.033,-75.292
Pennsylvania,Montgomery,2024,182,131,51,0,0,0,0,97,61,40,0,0,128,54,0,"Montgomery County, PA",40.2123,-75.3632
Pennsylvania,Northampton,2024,182,143,39,0,0,0,0,87,58,39,0,1,109,72,0,"Northampton County, PA",40.7524,-75.3992
Pennsylvania,Philadelphia,2024,183,70,109,4,0,0,0,136,77,54,1,2,54,126,0,"Philadelphia County, PA",40.0048,-75.1385
Pennsylvania,Somerset,2024,237,210,27,0,0,0,0,90,51,40,0,0,237,0,0,"Somerset County, PA",40.0088,-79.0398
Pennsylvania,Susquehanna,2024,182,167,15,0,0,0,0,60,48,26,0,0,0,182,0,"Susquehanna County, PA",41.8146,-75.8006
Pennsylvania,Tioga,2024,182,159,23,0,0,0,0,84,53,38,0,0,137,45,0,"Tioga County, PA",41.7702,-77.2503
Pennsylvania,Washington,2024,182,113,69,0,0,0,0,93,67,46,0,0,106,76,0,"Washington County, PA",40.2155,-80.2389
Pennsylvania,Westmoreland,2024,181,141,40,0,0,0,0,88,58,39,0,0,98,83,0,"Westmoreland County, PA",40.3607,-79.3848
Pennsylvania,Wyoming,2024,176,162,14,0,0,0,0,64,48,26,0,0,0,176,0,"Wyoming County, PA",41.5143,-76.007
Pennsylvania,York,2024,182,118,63,1,0,0,0,101,67,44,0,3,108,71,0,"York County, PA",39.9734,-76.7442
Puerto Rico,Bayamon,2024,181,156,24,1,0,0,0,124,54,27,17,0,34,130,0,"Bayamon County, ",,
Puerto Rico,Caguas,2024,268,261,7,0,0,0,0,75,25,3,214,0,0,54,0,"Caguas County, ",,
Puerto Rico,Catano,2024,171,50,80,30,11,0,0,162,132,77,0,0,0,135,36,"Catano County, ",,
Puerto Rico,Fajardo,2024,56,46,10,0,0,0,0,84,56,31,0,0,0,52,4,"Fajardo County, ",,
Puerto Rico,Guayama,2024,27,26,1,0,0,0,0,53,29,14,0,0,0,0,27,"Guayama County, ",,
Puerto Rico,Guaynabo,2024,57,43,14,0,0,0,0,80,56,32,0,0,0,53,4,"Guaynabo County, ",,
Puerto Rico,Mayagnez,2024,176,176,0,0,0,0,0,39,29,15,0,0,108,68,0,"Mayagnez County, ",,
Puerto Rico,Ponce,2024,175,165,10,0,0,0,0,82,37,3,120,0,0,49,6,"Ponce County, ",,
Rhode Island,Kent,2024,239,214,25,0,0,0,0,97,51,35,0,0,148,91,0,"Kent County, RI",41.6827,-71.6185
Rhode Island,Providence,2024,250,202,48,0,0,0,0,72,55,38,1,8,70,166,5,"Providence County, RI",41.8677,-71.5657
Rhode Island,Washington,2024,243,205,35,3,0,0,0,147,57,39,0,0,167,76,0,"Washington County, RI",41.4791,-71.6061
South Carolina,Aiken,2024,231,206,25,0,0,0,0,84,51,39,0,0,231,0,0,"Aiken County, SC",33.5377,-81.6614
South Carolina,Anderson,2024,221,181,39,1,0,0,0,115,61,44,0,0,221,0,0,"Anderson County, SC",34.5146,-82.6588
South Carolina,Berkeley,2024,242,220,22,0,0,0,0,90,49,38,0,0,242,0,0,"Berkeley County, SC",33.1639,-79.9106
South Carolina,Charleston,2024,274,195,79,0,0,0,0,77,58,44,0,0,117,157,0,"Charleston County, SC",32.7585,-80.1952
South Carolina,Chesterfield,2024,273,173,98,2,0,0,0,143,61,45,0,0,128,145,0,"Chesterfield County, SC",34.5923,-80.096
South Carolina,Darlington,2024,225,189,36,0,0,0,0,100,58,41,0,0,225,0,0,"Darlington County, SC",34.3107,-79.913
South Carolina,Edgefield,2024,274,171,103,0,0,0,0,98,61,45,0,0,117,157,0,"Edgefield County, SC",33.7548,-81.9474
South Carolina,Florence,2024,270,173,97,0,0,0,0,99,59,44,0,0,0,270,0,"Florence County, SC",34.0421,-79.7528
South Carolina,Greenville,2024,271,161,110,0,0,0,0,99,64,47,0,1,130,140,0,"Greenville County, SC",34.8506,-82.3557
South Carolina,Horry,2024,274,215,59,0,0,0,0,87,55,41,0,0,144,130,0,"Horry County, SC",33.9375,-78.9789
South Carolina,Richland,2024,274,151,122,1,0,0,0,141,63,47,0,1,85,188,0,"Richland County, SC",34.0064,-80.8509
South Carolina,Spartanburg,2024,271,141,126,4,0,0,0,112,71,49,0,0,134,137,0,"Spartanburg County, SC",34.8864,-81.9815
South Carolina,York,2024,270,187,82,1,0,0,0,112,67,44,0,0,178,92,0,"York County, SC",34.9926,-81.1884
South Dakota,Brookings,2024,182,168,14,0,0,0,0,94,46,32,0,0,139,30,13,"Brookings County, SD",44.3681,-96.7905
South Dakota,Brown,2024,174,164,10,0,0,0,0,76,42,19,0,0,0,112,62,"Brown County, SD",45.5899,-98.3509
South Dakota,Clay,2024,182,150,32,0,0,0,0,84,56,40,0,0,125,57,0,"Clay County, SD",42.888,-96.9833
South Dakota,Codington,2024,177,149,28,0,0,0,0,94,54,34,0,0,64,109,4,"Codington County, SD",44.9775,-97.1883
South Dakota,Custer,2024,182,163,19,0,0,0,0,94,51,41,0,0,147,27,8,"Custer County, SD",43.6671,-103.4818
South Dakota,Hughes,2024,182,178,4,0,0,0,0,69,20,1,0,0,0,182,0,"Hughes County, SD",44.3239,-99.9126
South Dakota,Jackson,2024,182,154,28,0,0,0,0,84,54,42,0,0,139,43,0,"Jackson County, SD",43.6926,-101.6317
South Dakota,Meade,2024,182,142,40,0,0,0,0,97,61,44,0,0,170,0,12,"Meade County, SD",44.5827,-102.7842
South Dakota,Minnehaha,2024,183,162,21,0,0,0,0,81,52,33,1,7,125,48,2,"Minnehaha County, SD",43.6819,-96.7914
South Dakota,Pennington,2024,182,146,35,1,0,0,0,111,59,29,0,9,0,83,90,"Pennington County, SD",44.0997,-103.0311
Tennessee,Anderson,2024,122,109,13,0,0,0,0,77,51,43,0,0,122,0,0,"Anderson County, TN",36.1062,-84.2281
Tennessee,Blount,2024,245,136,109,0,0,0,0,90,64,49,1,0,156,88,0,"Blount County, TN",35.6773,-83.9095
Tennessee,Claiborne,2024,238,224,14,0,0,0,0,67,48,39,0,0,238,0,0,"Claiborne County, TN",36.4668,-83.6559
Tennessee,Davidson,2024,182,96,84,2,0,0,0,119,61,49,0,4,53,125,0,"Davidson County, TN",36.1844,-86.7808
Tennessee,DeKalb,2024,217,197,20,0,0,0,0,77,50,40,0,0,217,0,0,"DeKalb County, TN",35.977,-85.8391
Tennessee,Dyer,2024,174,143,31,0,0,0,0,66,53,32,0,0,0,174,0,"Dyer County, TN",36.0492,-89.4236
Tennessee,Hamilton,2024,273,146,124,3,0,0,0,126,64,49,0,0,112,161,0,"Hamilton County, TN",35.2216,-85.1533
Tennessee,Jefferson,2024,122,111,11,0,0,0,0,97,49,41,0,0,122,0,0,"Jefferson County, TN",36.0438,-83.4658
Tennessee,Knox,2024,305,170,134,1,0,0,0,105,64,48,0,0,93,212,0,"Knox County, TN",35.9904,-83.8971
Tennessee,Lawrence,2024,176,126,50,0,0,0,0,80,57,39,0,0,0,176,0,"Lawrence County, TN",35.2321,-87.3986
Tennessee,Loudon,2024,182,139,43,0,0,0,0,90,58,43,0,0,84,98,0,"Loudon County, TN",35.7566,-84.2886
Tennessee,Madison,2024,178,146,32,0,0,0,0,66,53,31,0,0,0,178,0,"Madison County, TN",35.6097,-88.8422
Tennessee,Maury,2024,176,140,36,0,0,0,0,68,55,34,0,0,0,176,0,"Maury County, TN",35.6297,-87.0804
Tennessee,McMinn,2024,174,129,45,0,0,0,0,89,55,34,0,0,0,174,0,"McMinn County, TN",35.4432,-84.6183
Tennessee,Montgomery,2024,182,153,29,0,0,0,0,57,52,31,0,0,0,182,0,"Montgomery County, TN",36.477,-87.37
Tennessee,Putnam,2024,177,148,29,0,0,0,0,63,54,33,0,0,0,177,0,"Putnam County, TN",36.1421,-85.458
Tennessee,Roane,2024,177,139,38,0,0,0,0,72,56,33,0,0,0,177,0,"Roane County, TN",35.8471,-84.5457
Tennessee,Sevier,2024,244,179,65,0,0,0,0,93,64,45,0,0,244,0,0,"Sevier County, TN",35.8034,-83.5126
Tennessee,Shelby,2024,303,98,200,3,2,0,0,159,74,55,0,0,60,243,0,"Shelby County, TN",35.2037,-89.8653
Tennessee,Sullivan,2024,177,132,45,0,0,0,0,84,58,43,0,0,101,76,0,"Sullivan County, TN",36.5041,-82.3115
Tennessee,Sumner,2024,182,116,65,1,0,0,0,105,59,45,0,0,71,111,0,"Sumner County, TN",36.4488,-86.4726
Tennessee,Williamson,2024,119,107,12,0,0,0,0,87,51,42,0,0,119,0,0,"Williamson County, TN",35.8732,-86.9151
Tennessee,Wilson,2024,123,112,11,0,0,0,0,87,50,40,0,0,123,0,0,"Wilson County, TN",36.153,-86.3215
Texas,Atascosa,2024,181,82,92,7,0,0,0,116,82,52,0,0,0,181,0,"Atascosa County, TX",28.9347,-98.5218
Texas,Bell,2024,182,110,69,3,0,0,0,112,67,46,0,0,101,81,0,"Bell County, TX",31.0402,-97.51
Texas,Bexar,2024,183,71,96,14,2,0,0,199,91,55,1,0,52,127,3,"Bexar County, TX",29.4377,-98.4722
Texas,Bowie,2024,181,97,84,0,0,0,0,92,62,48,0,0,0,181,0,"Bowie County, TX",33.4761,-94.3949
Texas,Brazoria,2024,182,158,22,1,1,0,0,164,54,36,0,1,164,17,0,"Brazoria County, TX",29.2123,-95.5313
Texas,Brazos,2024,172,102,69,1,0,0,0,102,63,40,0,0,0,172,0,"Brazos County, TX",30.6529,-96.3806
Texas,Brewster,2024,194,119,73,2,0,0,0,112,71,45,0,0,143,51,0,"Brewster County, TX",29.8231,-103.0823
Texas,Cameron,2024,182,32,94,44,12,0,0,171,138,72,0,0,26,156,0,"Cameron County, TX",26.1073,-97.5787
Texas,Collin,2024,182,149,31,2,0,0,0,136,64,40,0,0,182,0,0,"Collin County, TX",33.1929,-96.5676
Texas,Culberson,2024,17,14,3,0,0,0,0,66,62,18,0,0,0,17,0,"Culberson County, TX",31.3019,-104.4978
Texas,Dallas,2024,183,68,111,4,0,0,0,133,77,54,1,3,57,121,1,"Dallas County, TX",32.7661,-96.7774
Texas,Denton,2024,182,109,65,7,1,0,0,174,74,44,0,1,122,59,0,"Denton County, TX",33.2078,-97.1156
Texas,Ector,2024,180,137,43,0,0,0,0,88,58,34,0,0,0,180,0,"Ector County, TX",31.8599,-102.5429
Texas,El Paso,2024,183,45,104,23,7,1,3,431,128,68,1,7,64,64,47,"El Paso County, TX",31.6952,-106.1718
Texas,Ellis,2024,181,171,10,0,0,0,0,93,47,35,0,2,179,0,0,"Ellis County, TX",32.3014,-96.7619
Texas,Galveston,2024,182,112,67,3,0,0,0,115,65,47,0,0,109,73,0,"Galveston County, TX",29.3824,-95.0331
Texas,Gregg,2024,180,166,13,1,0,0,0,129,50,37,0,7,173,0,0,"Gregg County, TX",32.509,-94.8444
Texas,Harris,2024,183,27,142,9,4,1,0,201,90,59,1,6,36,130,10,"Harris County, TX",29.8346,-95.389
Texas,Harrison,2024,182,104,75,0,1,2,0,263,64,47,0,0,63,119,0,"Harrison County, TX",32.5634,-94.3724
Texas,Hidalgo,2024,182,53,106,18,5,0,0,157,105,60,0,0,16,161,5,"Hidalgo County, TX",26.3986,-98.1887
Texas,Hood,2024,173,149,24,0,0,0,0,100,61,40,0,0,173,0,0,"Hood County, TX",32.3932,-97.8161
Texas,Hunt,2024,181,166,15,0,0,0,0,77,50,37,0,12,169,0,0,"Hunt County, TX",33.1232,-96.0795
Texas,Jefferson,2024,182,81,97,4,0,0,0,143,67,52,0,0,60,122,0,"Jefferson County, TX",29.8764,-94.1418
Texas,Johnson,2024,177,160,16,1,0,0,0,119,50,38,0,0,177,0,0,"Johnson County, TX",32.3415,-97.3509
Texas,Karnes,2024,179,179,0,0,0,0,0,28,14,6,0,179,0,0,0,"Karnes County, TX",28.9476,-97.9006
Texas,Kaufman,2024,178,108,68,2,0,0,0,101,64,47,0,0,94,84,0,"Kaufman County, TX",32.5982,-96.2991
Texas,Kleberg,2024,169,77,88,4,0,0,0,121,81,52,0,0,0,169,0,"Kleberg County, TX",27.4227,-97.9022
Texas,Lubbock,2024,175,162,13,0,0,0,0,91,43,19,0,0,0,175,0,"Lubbock County, TX",33.6145,-101.8206
Texas,Maverick,2024,172,99,73,0,0,0,0,100,79,41,0,0,0,172,0,"Maverick County, TX",28.6426,-100.2812
Texas,McLennan,2024,183,90,92,1,0,0,0,102,72,51,2,0,51,130,0,"McLennan County, TX",31.5514,-97.2004
Texas,Montgomery,2024,182,66,106,9,1,0,0,166,85,54,0,1,57,124,0,"Montgomery County, TX",30.3293,-95.5146
Texas,Navarro,2024,182,101,78,3,0,0,0,112,71,48,0,0,89,93,0,"Navarro County, TX",32.0628,-96.4755
Texas,Nueces,2024,182,64,105,12,1,0,0,153,88,56,0,0,38,144,0,"Nueces County, TX",27.7778,-97.6629
Texas,Orange,2024,182,134,46,2,0,0,0,119,58,43,0,0,91,91,0,"Orange County, TX",30.1075,-93.8955
Texas,Parker,2024,182,170,12,0,0,0,0,100,48,35,0,0,182,0,0,"Parker County, TX",32.7816,-97.8046
Texas,Polk,2024,228,219,9,0,0,0,0,93,45,33,0,0,228,0,0,"Polk County, TX",30.8186,-94.897
Texas,Potter,2024,177,162,14,1,0,0,0,138,48,26,0,0,0,177,0,"Potter County, TX",35.3994,-101.8943
Texas,Randall,2024,243,177,64,2,0,0,0,108,77,44,0,0,243,0,0,"Randall County, TX",34.9643,-101.8967
Texas,Rockwall,2024,175,171,4,0,0,0,0,67,44,33,0,0,175,0,0,"Rockwall County, TX",32.8972,-96.4077
Texas,Smith,2024,182,155,27,0,0,0,0,93,61,40,0,0,182,0,0,"Smith County, TX",32.4125,-95.2456
Texas,Tarrant,2024,183,73,104,5,1,0,0,169,78,53,1,5,51,126,0,"Tarrant County, TX",32.7708,-97.2917
Texas,Travis,2024,183,61,120,2,0,0,0,123,77,54,1,0,42,138,2,"Travis County, TX",30.3252,-97.7773
Texas,Victoria,2024,182,169,13,0,0,0,0,97,47,36,0,0,182,0,0,"Victoria County, TX",28.7954,-96.9415
Texas,Webb,2024,183,81,91,11,0,0,0,129,88,52,1,0,64,117,1,"Webb County, TX",27.7332,-99.288
Texas,Wilson,2024,60,60,0,0,0,0,0,25,19,8,0,60,0,0,0,"Wilson County, TX",29.1652,-98.0851
Utah,Box Elder,2024,274,145,124,5,0,0,0,133,84,49,0,0,224,50,0,"Box Elder County, UT",41.5026,-112.9735
Utah,Cache,2024,274,174,99,1,0,0,0,101,74,45,0,0,200,74,0,"Cache County, UT",41.6848,-111.7322
Utah,Carbon,2024,274,189,84,1,0,0,0,112,64,46,0,0,267,7,0,"Carbon County, UT",39.641,-110.6021
Utah,Davis,2024,277,168,94,15,0,0,0,133,87,48,0,9,237,27,4,"Davis County, UT",40.9641,-112.0929
Utah,Duchesne,2024,274,170,101,2,1,0,0,163,71,47,0,0,225,44,5,"Duchesne County, UT",40.3319,-110.4366
Utah,Garfield,2024,20,20,0,0,0,0,0,11,8,3,0,0,0,20,0,"Garfield County, UT",37.8459,-111.4965
Utah,Grand,2024,273,193,78,2,0,0,0,105,61,47,0,0,206,67,0,"Grand County, UT",39.0017,-109.5967
Utah,Iron,2024,273,216,57,0,0,0,0,100,58,44,0,4,247,22,0,"Iron County, UT",37.8165,-113.3138
Utah,Salt Lake,2024,306,156,119,27,3,1,0,230,101,50,1,9,213,80,3,"Salt Lake County, UT",40.6684,-111.9031
Utah,San Juan,2024,241,166,72,3,0,0,0,126,71,45,0,0,241,0,0,"San Juan County, UT",37.7516,-109.7449
Utah,Tooele,2024,274,161,101,12,0,0,0,143,87,48,0,0,230,44,0,"Tooele County, UT",40.4924,-113.1134
Utah,Uintah,2024,274,175,96,3,0,0,0,119,71,47,0,0,258,16,0,"Uintah County, UT",40.1698,-109.5135
Utah,Utah,2024,275,151,115,8,1,0,0,151,84,48,1,1,221,52,0,"Utah County, UT",40.1782,-111.691
Utah,Wasatch,2024,92,79,12,1,0,0,0,108,54,42,0,0,87,5,0,"Wasatch County, UT",40.2966,-111.135
Utah,Washington,2024,274,188,84,2,0,0,0,108,71,47,0,0,271,3,0,"Washington County, UT",37.3071,-113.4764
Utah,Wayne,2024,20,20,0,0,0,0,0,9,7,4,0,0,0,20,0,"Wayne County, UT",38.33,-110.9058
Utah,Weber,2024,275,174,95,6,0,0,0,122,80,46,1,6,236,29,3,"Weber County, UT",41.2554,-111.8947
Vermont,Bennington,2024,182,169,13,0,0,0,0,80,48,38,0,0,156,26,0,"Bennington County, VT",43.0268,-73.1364
Vermont,Chittenden,2024,183,163,20,0,0,0,0,84,52,39,1,0,144,38,0,"Chittenden County, VT",44.4425,-73.0527
Vermont,Rutland,2024,183,154,29,0,0,0,0,77,55,38,1,0,106,76,0,"Rutland County, VT",43.576,-73.0283
Vermont,Windham,2024,19,19,0,0,0,0,0,34,25,8,0,0,0,19,0,"Windham County, VT",42.9961,-72.7339
Virgin Islands,St John,2024,10,9,1,0,0,0,0,55,55,19,0,0,0,10,0,"St John County, ",,
Virginia,Albemarle,2024,272,207,65,0,0,0,0,85,55,43,0,0,126,146,0,"Albemarle County, VA",38.0006,-78.5618
Virginia,Arlington,2024,275,223,48,4,0,0,0,115,61,40,1,26,219,29,0,"Arlington County, VA",38.8811,-77.1079
Virginia,Bristol City,2024,88,69,19,0,0,0,0,63,55,34,0,0,0,88,0,"Bristol City County, VA",,
Virginia,Caroline,2024,194,192,2,0,0,0,0,77,47,38,0,0,194,0,0,"Caroline County, VA",38.0149,-77.3703
Virginia,Carroll,2024,40,40,0,0,0,0,0,31,18,9,0,0,0,0,40,"Carroll County, VA",36.7464,-80.7437
Virginia,Charles,2024,274,244,30,0,0,0,0,75,51,37,0,1,146,127,0,"Charles County, VA",,
Virginia,Chesterfield,2024,274,207,67,0,0,0,0,77,56,42,0,0,104,170,0,"Chesterfield County, VA",37.3899,-77.6298
Virginia,Fairfax,2024,275,192,80,3,0,0,0,112,61,43,1,18,153,103,0,"Fairfax County, VA",38.8316,-77.3234
Virginia,Fauquier,2024,210,204,6,0,0,0,0,64,46,36,0,0,210,0,0,"Fauquier County, VA",38.7121,-77.8162
Virginia,Frederick,2024,274,205,68,1,0,0,0,102,57,42,0,0,127,147,0,"Frederick County, VA",39.2372,-78.2234
Virginia,Giles,2024,233,210,23,0,0,0,0,80,50,41,0,0,233,0,0,"Giles County, VA",37.3145,-80.668
Virginia,Hampton City,2024,275,217,58,0,0,0,0,90,55,41,1,1,149,124,0,"Hampton City County, VA",,
Virginia,Hanover,2024,214,198,16,0,0,0,0,74,49,40,0,0,214,0,0,"Hanover County, VA",37.7717,-77.5521
Virginia,Henrico,2024,275,219,55,1,0,0,0,112,55,42,1,4,155,115,0,"Henrico County, VA",37.5317,-77.3031
Virginia,Hopewell City,2024,40,40,0,0,0,0,0,30,13,7,0,0,0,0,40,"Hopewell City County, VA",,
Virginia,Loudoun,2024,274,175,99,0,0,0,0,87,63,45,0,1,149,124,0,"Loudoun County, VA",39.0858,-77.6642
Virginia,Lynchburg City,2024,90,75,15,0,0,0,0,61,53,29,0,0,0,90,0,"Lynchburg City County, VA",,
Virginia,Madison,2024,254,230,24,0,0,0,0,90,50,42,0,0,229,23,2,"Madison County, VA",38.429,-78.2789
Virginia,Norfolk City,2024,273,236,37,0,0,0,0,82,52,33,2,24,0,247,0,"Norfolk City County, VA",,
Virginia,Prince Edward,2024,244,237,7,0,0,0,0,64,45,35,0,0,244,0,0,"Prince Edward County, VA",37.2386,-78.4589
Virginia,Prince William,2024,274,247,27,0,0,0,0,87,50,38,0,3,271,0,0,"Prince William County, VA",38.7221,-77.4444
Virginia,Richmond City,2024,275,215,60,0,0,0,0,79,54,36,1,44,0,230,0,"Richmond City County, VA",,
Virginia,Roanoke,2024,275,222,53,0,0,0,0,68,54,41,1,4,149,121,0,"Roanoke County, VA",37.2655,-80.1509
Virginia,Rockbridge,2024,234,228,6,0,0,0,0,64,45,37,0,0,214,20,0,"Rockbridge County, VA",37.8101,-79.4404
Virginia,Rockingham,2024,274,207,67,0,0,0,0,83,56,44,0,8,139,127,0,"Rockingham County, VA",38.5292,-78.9401
Virginia,Salem City,2024,90,73,17,0,0,0,0,67,55,36,0,0,0,90,0,"Salem City County, VA",,
Virginia,Stafford,2024,270,262,8,0,0,0,0,90,48,37,0,0,270,0,0,"Stafford County, VA",38.4174,-77.4766
Virginia,Suffolk City,2024,214,201,13,0,0,0,0,71,48,38,0,0,214,0,0,"Suffolk City County, VA",,
Virginia,Virginia Beach City,2024,274,223,51,0,0,0,0,81,55,34,0,0,0,274,0,"Virginia Beach City County, VA",,
Virginia,Wythe,2024,214,205,9,0,0,0,0,67,49,41,0,0,214,0,0,"Wythe County, VA",36.9145,-81.0571
Washington,Adams,2024,213,207,6,0,0,0,0,65,33,15,0,0,0,213,0,"Adams County, WA",46.9968,-118.4708
Washington,Asotin,2024,210,146,60,0,4,0,0,196,69,35,0,0,0,210,0,"Asotin County, WA",46.2299,-117.1874
Washington,Benton,2024,213,175,36,2,0,0,0,108,58,36,0,0,81,99,33,"Benton County, WA",46.2826,-119.5709
Washington,Chelan,2024,213,178,31,3,1,0,0,158,63,25,0,0,0,213,0,"Chelan County, WA",47.9098,-120.5391
Washington,Clallam,2024,213,198,15,0,0,0,0,59,45,36,0,0,141,72,0,"Clallam County, WA",48.13,-124.0838
Washington,Clark,2024,213,192,20,1,0,0,0,105,49,31,0,0,89,124,0,"Clark County, WA",45.8042,-122.52
Washington,Columbia,2024,244,217,27,0,0,0,0,90,51,38,0,0,212,32,0,"Columbia County, WA",46.3041,-117.9269
Washington,Cowlitz,2024,213,207,6,0,0,0,0,67,34,20,0,0,0,213,0,"Cowlitz County, WA",46.1148,-122.6116
Washington,Franklin,2024,213,199,14,0,0,0,0,64,43,16,0,0,0,213,0,"Franklin County, WA",46.4669,-118.9422
Washington,Garfield,2024,208,192,16,0,0,0,0,75,40,13,0,0,0,208,0,"Garfield County, WA",46.3542,-117.5476
Washington,Grant,2024,213,194,19,0,0,0,0,76,48,22,0,0,0,213,0,"Grant County, WA",47.284,-119.492
Washington,Grays Harbor,2024,182,180,2,0,0,0,0,64,27,18,0,0,0,182,0,"Grays Harbor County, WA",47.1649,-123.8418
Washington,Jefferson,2024,174,172,2,0,0,0,0,57,26,19,0,0,0,174,0,"Jefferson County, WA",47.8319,-123.6728
Washington,King,2024,214,157,50,3,1,1,2,354,58,41,1,3,105,105,0,"King County, WA",47.4335,-121.8726
Washington,Kitsap,2024,200,196,4,0,0,0,0,69,36,18,0,0,0,200,0,"Kitsap County, WA",47.6727,-122.6826
Washington,Kittitas,2024,213,195,18,0,0,0,0,79,48,20,0,0,0,213,0,"Kittitas County, WA",47.1679,-120.6629
Washington,Klickitat,2024,16,16,0,0,0,0,0,43,16,9,0,0,0,16,0,"Klickitat County, WA",45.8257,-120.7766
Washington,Lewis,2024,205,202,3,0,0,0,0,60,35,20,0,0,0,205,0,"Lewis County, WA",46.5892,-122.3843
Washington,Mason,2024,213,206,7,0,0,0,0,59,34,16,0,0,0,213,0,"Mason County, WA",47.3456,-123.3253
Washington,Okanogan,2024,210,149,61,0,0,0,0,85,60,29,0,0,0,210,0,"Okanogan County, WA",48.4732,-119.7409
Washington,Pacific,2024,194,194,0,0,0,0,0,37,20,14,0,0,0,194,0,"Pacific County, WA",46.5179,-123.6271
Washington,Pierce,2024,213,169,43,0,1,0,0,166,57,44,0,6,140,67,0,"Pierce County, WA",47.0256,-122.0375
Washington,Skagit,2024,213,209,4,0,0,0,0,57,39,26,0,0,59,154,0,"Skagit County, WA",48.4771,-121.7638
Washington,Snohomish,2024,213,155,58,0,0,0,0,99,57,38,0,0,0,213,0,"Snohomish County, WA",48.0379,-121.682
Washington,Spokane,2024,213,185,28,0,0,0,0,100,56,36,0,0,85,124,4,"Spokane County, WA",47.6423,-117.4305
Washington,Stevens,2024,213,159,54,0,0,0,0,98,59,27,0,0,0,176,37,"Stevens County, WA",48.3997,-117.8489
Washington,Thurston,2024,211,203,8,0,0,0,0,85,42,26,0,0,89,122,0,"Thurston County, WA",46.9724,-122.8948
Washington,Walla Walla,2024,213,189,24,0,0,0,0,79,53,20,0,0,0,123,90,"Walla Walla County, WA",46.3041,-118.5042
Washington,Whatcom,2024,208,204,4,0,0,0,0,61,44,32,0,0,69,139,0,"Whatcom County, WA",48.8219,-121.7266
Washington,Whitman,2024,213,196,17,0,0,0,0,80,43,16,0,0,0,213,0,"Whitman County, WA",46.8409,-117.522
Washington,Yakima,2024,213,162,47,3,1,0,0,153,61,31,0,0,0,212,1,"Yakima County, WA",46.5669,-120.6488
West Virginia,Berkeley,2024,139,109,30,0,0,0,0,97,61,44,0,0,112,27,0,"Berkeley County, WV",39.4436,-78.0264
West Virginia,Brooke,2024,274,202,72,0,0,0,0,72,57,38,0,0,0,274,0,"Brooke County, WV",40.2763,-80.5678
West Virginia,Cabell,2024,182,132,50,0,0,0,0,84,55,42,0,0,81,101,0,"Cabell County, WV",38.413,-82.2762
West Virginia,Greenbrier,2024,123,117,6,0,0,0,0,64,48,41,0,0,123,0,0,"Greenbrier County, WV",37.976,-80.4033
West Virginia,Hancock,2024,272,187,85,0,0,0,0,97,65,43,0,0,154,118,0,"Hancock County, WV",40.5165,-80.5704
West Virginia,Harrison,2024,56,45,11,0,0,0,0,59,56,35,0,0,0,56,0,"Harrison County, WV",39.2852,-80.3964
West Virginia,Kanawha,2024,183,153,30,0,0,0,0,67,55,37,4,0,94,85,0,"Kanawha County, WV",38.2982,-81.5239
West Virginia,Marion,2024,53,42,11,0,0,0,0,61,54,32,0,0,0,53,0,"Marion County, WV",39.5144,-80.2637
West Virginia,Marshall,2024,274,201,73,0,0,0,0,81,59,39,0,0,0,274,0,"Marshall County, WV",39.8776,-80.6555
West Virginia,Monongalia,2024,139,116,23,0,0,0,0,71,53,42,0,0,109,30,0,"Monongalia County, WV",39.5788,-79.9721
West Virginia,Ohio,2024,222,175,47,0,0,0,0,84,58,42,0,0,165,57,0,"Ohio County, WV",40.1011,-80.6141
West Virginia,Tucker,2024,236,221,15,0,0,0,0,71,49,41,0,0,233,3,0,"Tucker County, WV",39.1181,-79.5763
West Virginia,Wood,2024,140,111,29,0,0,0,0,100,58,42,0,0,106,34,0,"Wood County, WV",39.2188,-81.5037
Wisconsin,Ashland,2024,182,176,6,0,0,0,0,90,44,36,0,0,156,26,0,"Ashland County, WI",46.3491,-90.7366
Wisconsin,Brown,2024,182,153,29,0,0,0,0,86,60,38,0,0,91,91,0,"Brown County, WI",44.4646,-87.9779
Wisconsin,Columbia,2024,97,88,9,0,0,0,0,74,50,41,0,0,97,0,0,"Columbia County, WI",43.4614,-89.3035
Wisconsin,Dane,2024,182,133,49,0,0,0,0,77,58,42,0,0,69,104,9,"Dane County, WI",43.073,-89.4247
Wisconsin,Dodge,2024,183,153,30,0,0,0,0,84,53,39,1,0,145,37,0,"Dodge County, WI",43.413,-88.7032
Wisconsin,Door,2024,98,89,9,0,0,0,0,90,50,40,0,0,98,0,0,"Door County, WI",44.9881,-87.267
Wisconsin,Eau Claire,2024,182,151,30,1,0,0,0,142,55,40,0,0,89,93,0,"Eau Claire County, WI",44.7306,-91.286
Wisconsin,Fond du Lac,2024,98,92,6,0,0,0,0,67,49,40,0,0,98,0,0,"Fond du Lac County, WI",43.7377,-88.5229
Wisconsin,Forest,2024,182,158,23,0,1,0,0,153,52,39,0,0,140,42,0,"Forest County, WI",45.729,-88.8616
Wisconsin,Grant,2024,182,145,37,0,0,0,0,80,54,31,0,0,0,182,0,"Grant County, WI",42.8621,-90.7628
Wisconsin,Jackson,2024,101,91,10,0,0,0,0,95,49,26,0,0,0,101,0,"Jackson County, WI",44.3311,-90.7417
Wisconsin,Jefferson,2024,97,84,13,0,0,0,0,87,51,41,0,0,97,0,0,"Jefferson County, WI",43.0217,-88.7768
Wisconsin,Kenosha,2024,182,138,42,2,0,0,0,143,64,41,0,0,115,67,0,"Kenosha County, WI",42.5814,-88.0586
Wisconsin,Kewaunee,2024,91,81,10,0,0,0,0,84,51,41,0,0,91,0,0,"Kewaunee County, WI",44.5033,-87.6245
Wisconsin,La Crosse,2024,98,90,8,0,0,0,0,67,49,41,0,0,98,0,0,"La Crosse County, WI",43.9075,-91.1276
Wisconsin,Manitowoc,2024,98,87,8,3,0,0,0,115,51,41,0,0,98,0,0,"Manitowoc County, WI",44.1103,-87.8415
Wisconsin,Marathon,2024,182,157,24,0,1,0,0,151,53,38,0,0,92,90,0,"Marathon County, WI",44.8951,-89.7693
Wisconsin,Milwaukee,2024,183,140,42,1,0,0,0,129,64,42,1,8,84,86,4,"Milwaukee County, WI",43.0178,-87.9818
Wisconsin,Monroe,2024,141,118,23,0,0,0,0,90,54,27,0,0,0,141,0,"Monroe County, WI",43.9434,-90.6118
Wisconsin,Outagamie,2024,182,150,32,0,0,0,0,99,58,38,0,0,91,91,0,"Outagamie County, WI",44.419,-88.4637
Wisconsin,Ozaukee,2024,182,151,29,2,0,0,0,119,61,39,0,0,97,85,0,"Ozaukee County, WI",43.3679,-87.9585
Wisconsin,Racine,2024,98,78,19,1,0,0,0,140,64,44,0,0,98,0,0,"Racine County, WI",42.7271,-88.0428
Wisconsin,Rock,2024,98,80,18,0,0,0,0,77,58,43,0,0,98,0,0,"Rock County, WI",42.6692,-89.072
Wisconsin,Sauk,2024,182,157,25,0,0,0,0,66,53,38,0,0,89,93,0,"Sauk County, WI",43.3945,-89.8965
Wisconsin,Sheboygan,2024,98,85,10,3,0,0,0,133,58,42,0,0,98,0,0,"Sheboygan County, WI",43.715,-87.9328
Wisconsin,Taylor,2024,244,239,5,0,0,0,0,80,45,37,0,0,244,0,0,"Taylor County, WI",45.2065,-90.4856
Wisconsin,Vilas,2024,98,93,5,0,0,0,0,93,48,41,0,0,98,0,0,"Vilas County, WI",46.0789,-89.4371
Wisconsin,Walworth,2024,98,76,22,0,0,0,0,97,61,44,0,0,98,0,0,"Walworth County, WI",42.6678,-88.5413
Wisconsin,Waukesha,2024,182,139,43,0,0,0,0,100,61,41,0,0,92,90,0,"Waukesha County, WI",43.0181,-88.3044
Wyoming,Albany,2024,240,117,110,12,1,0,0,187,87,51,0,0,204,5,31,"Albany County, WY",41.723,-105.6758
Wyoming,Big Horn,2024,174,161,13,0,0,0,0,84,49,39,0,0,174,0,0,"Big Horn County, WY",44.5851,-107.9869
Wyoming,Campbell,2024,211,150,60,1,0,0,0,103,61,43,0,0,122,33,56,"Campbell County, WY",44.2546,-105.5503
Wyoming,Carbon,2024,181,181,0,0,0,0,0,35,16,8,0,181,0,0,0,"Carbon County, WY",41.7236,-106.7915
Wyoming,Converse,2024,183,170,13,0,0,0,0,76,49,41,1,0,167,0,15,"Converse County, WY",42.8966,-105.4856
Wyoming,Fremont,2024,213,133,80,0,0,0,0,100,67,48,0,0,145,68,0,"Fremont County, WY",43.1414,-108.5719
Wyoming,Johnson,2024,180,172,8,0,0,0,0,71,47,39,0,1,175,0,4,"Johnson County, WY",44.0303,-106.5693
Wyoming,Laramie,2024,183,145,38,0,0,0,0,80,58,45,1,0,161,20,1,"Laramie County, WY",41.3266,-104.6666
Wyoming,Lincoln,2024,182,158,24,0,0,0,0,77,54,44,0,1,158,6,17,"Lincoln County, WY",42.4553,-110.8185
Wyoming,Natrona,2024,182,157,25,0,0,0,0,80,54,43,0,0,179,3,0,"Natrona County, WY",42.9727,-106.7878
Wyoming,Park,2024,200,182,18,0,0,0,0,88,43,13,0,0,0,200,0,"Park County, WY",44.4063,-109.4153
Wyoming,Platte,2024,182,167,11,3,1,0,0,161,45,14,0,0,0,0,182,"Platte County, WY",42.1314,-104.9676
Wyoming,Sheridan,2024,213,177,34,1,0,1,0,205,61,43,0,0,150,61,2,"Sheridan County, WY",44.7798,-106.9037
Wyoming,Sublette,2024,244,156,87,1,0,0,0,101,74,47,0,0,242,2,0,"Sublette County, WY",42.8671,-109.9565
Wyoming,Sweetwater,2024,213,154,57,2,0,0,0,137,64,45,0,1,156,33,23,"Sweetwater County, WY",41.6405,-108.9887
Wyoming,Teton,2024,244,158,85,1,0,0,0,105,67,47,0,0,208,33,3,"Teton County, WY",43.9385,-110.5501
Wyoming,Uinta,2024,182,182,0,0,0,0,0,22,13,6,0,0,0,0,182,"Uinta County, WY",41.3156,-110.5477
Wyoming,Washakie,2024,176,163,13,0,0,0,0,71,47,9,0,0,0,176,0,"Washakie County, WY",43.8356,-107.6602
Wyoming,Weston,2024,181,175,6,0,0,0,0,71,47,39,0,0,181,0,0,"Weston County, WY",43.8403,-104.5684
